project_number,bid_total,engineers_estimate,bid_days,start_date
C11725,4291121.42,4162315.4,223.8491318180076,2006-10-16
C11873,18936123.970000003,17101039.0,602.9935988347579,2011-12-05
C12372R,22294354.8,21959585.5,885.6031277549926,2016-01-25
C12490,5173115.36,5186935.0,125.91513664762928,2005-06-08
C12491-ALT,6110462.25,6268415.03,215.4547893748323,2007-06-23
C12560,3679885.56,2512647.75,440.0,2005-07-13
C12623,36591782.88,40123223.85,552.6275441757062,2006-09-20
C12810,1577525.55,1674015.2,139.90570738625473,2005-05-24
C12854,1992621.74,1750650.25,268.6189581816091,2009-11-09
C13003,11874901.5,11477207.47,545.6322588063935,2005-09-06
C13129R,18936708.95,19629992.6,621.181340794971,2007-01-11
C13141-ALT,29658540.2,28423183.0,1278.0,2007-11-07
C13192,48658183.42,53726855.55,816.0,2007-08-28
C13201,1136871.39,934375.2,125.91513664762928,2005-06-20
C13224R,4772309.08,5016526.75,372.0,2006-01-16
C13289,17483249.34,16509810.7,412.0,2006-07-12
C13385,7810544.479999999,9051960.0,475.6794051132661,2006-08-30
C13487RA,5167146.92,5607435.0,167.8868488635057,2007-04-02
C13506R,2856297.6,2799765.95,167.8868488635057,2005-03-18
C13579-ALT,14731461.6,12943881.6,693.0,2006-11-06
C13590,22577777.77,29060420.0,797.4625321016521,2008-02-26
C13605,1567370.35,1302477.15,179.0,2005-04-12
C13697,3475008.7,3424602.8,120.0,2005-09-19
C13808,12677252.28,14817041.45,363.7548392042624,2008-07-23
C13960,3109987.9,2946129.6,83.94342443175285,2006-06-19
C13970T-ALT A,11334604.05,11625035.56,280.0,2005-05-19
C14081,4182533.0,3779264.05,244.8349879259458,2005-11-10
C14086,1286055.5,1088541.5,125.91513664762928,2006-08-21
C14087,986717.7,1218114.2,111.9245659090038,2006-04-05
C14089-ALT,1561657.83,2008983.0,132.910422016942,2009-09-24
C14096,1009760.15,1151400.9,167.8868488635057,2005-06-21
C14136,612591.54,598671.0,100.0,2005-08-16
C14211,1210936.15,1264619.75,83.94342443175285,2005-03-28
C14214R,5628548.15,6018821.35,167.8868488635057,2006-04-10
C14234,6106038.53,5743020.0,300.7972708804477,2005-06-13
C14277,3809936.4,4468456.67,195.86799034075665,2007-07-23
C14284,70296.44,93344.29,20.98585610793821,2006-01-05
C14303R,3803294.94,3566794.5,167.8868488635057,2006-01-09
C14315,5774003.75,5741231.35,237.83970255663303,2005-10-03
C14322,565119.9,642570.0,78.34719613630266,2005-07-11
C14347R,2530719.4,2450001.5,158.0,2006-04-11
C14368,1865079.02,2143696.0,96.53493809651576,2007-03-01
C14373,1479416.28,1744387.15,104.92928053969104,2008-09-02
C14416,3921892.86,4021899.8,363.0,2006-05-30
C14417,2297514.54,2239307.1,195.86799034075665,2007-09-17
C14438,57817.0,86817.0,20.98585610793821,2005-04-15
C14440,1329494.6,1420162.2,97.93399517037832,2007-09-17
C14478,4354793.5,4421997.5,139.90570738625473,2006-02-14
C14507,2342259.14,2640096.75,48.96699758518916,2005-05-16
C14527R,1130569.0,1098533.0,62.95756832381464,2005-09-16
C14551RA-ALT,38112098.32,36992082.61,937.3682394879067,2006-12-06
C14556S,1528696.84,1555555.5,303.0,2006-09-01
C14557,8008939.59,8136315.3,391.7359806815133,2007-03-30
C14584,2059396.33,2674221.7,125.91513664762928,2005-12-08
C14598,18926154.14,17359550.0,531.641688067768,2006-08-14
C14611,781716.56,782312.6,83.94342443175285,2005-05-09
C14614,3176939.6,3982049.0,89.0,2006-05-30
C14615,1817381.45,1745685.0,97.93399517037832,2006-06-05
C14617,1721275.3,1790865.5,69.95285369312737,2006-06-19
C14620,1637466.38,1917005.0,65.0,2005-08-29
C14621,387890.95,406544.3,41.97171221587642,2005-08-01
C14623,1746398.1,1643945.5,83.94342443175285,2005-06-01
C14628,1049682.22,1059870.0,69.95285369312737,2005-07-25
C14630,2223419.03,2488037.2,160.89156349419295,2005-05-31
C14632,2555806.67,2582917.0,156.6943922726053,2005-04-25
C14633,3260892.51,3438956.0,97.93399517037832,2006-04-10
C14635,1098540.4,1048470.0,70.0,2006-06-12
C14636,3305627.05,2701476.0,120.0,2005-05-02
C14654,2926771.59,3152287.2,125.91513664762928,2008-01-07
C14663R,4668074.45,4730862.9,97.93399517037832,2005-06-01
C14683R,262263.2,284042.45,55.96228295450189,2005-09-17
C14698,5840671.25,5936906.2,125.91513664762928,2005-04-03
C14710,5045469.85,5312040.75,125.91513664762928,2005-08-01
C14773R,223802.7,309447.0,37.77454099428878,2007-05-08
C14777,6601236.02,7173926.55,419.7171221587642,2006-05-15
C14783R,427905.0,520225.0,182.0,2005-09-15
C14787,1888843.16,1801346.15,62.95756832381464,2005-04-25
C14810,822965.08,994635.0,83.94342443175285,2007-05-16
C14811,17603404.330000002,17956304.9,690.0,2006-10-02
C14819,845714.28,924293.0,90.93870980106558,2005-06-01
C14829,2875949.04,2261100.54,209.8585610793821,2006-09-11
C14838,8279513.82,8482959.45,279.81141477250947,2005-12-01
C14852,1637804.05,1337325.0,197.0,2005-05-19
C14855,444714.5,542421.0,118.91985127831651,2006-02-13
C14863,2132316.9,2211227.75,197.0,2006-03-21
C14890,5117945.0,5539270.5,503.6605465905171,2006-09-05
C14915,447496.1,466174.0,62.95756832381464,2007-03-13
C14923S,106704.75,95862.9,27.981141477250947,2005-05-01
C14924,392867.0,423685.0,239.0,2005-10-21
C14930R,1582889.62,2008149.45,362.0,2006-10-04
C14935R,4724744.98,4468507.5,514.0,2005-06-08
C14938,494704.0,450159.0,48.96699758518916,2005-04-12
C14942R,8048977.95,9065725.0,334.37464065314884,2006-03-02
C14950,2712022.25,2610741.7,125.91513664762928,2005-04-05
C14951,1243328.1,1006169.0,215.0,2005-02-28
C14959-ALT,6328529.09,6061893.55,439.3039211928399,2007-08-27
C14974,129752.5,139551.0,63.0,2005-03-31
C14976,4455763.069999999,5384771.0,251.8302732952585,2009-08-17
C14978,3217511.1,3505158.0,142.0,2005-05-27
C14979,2912372.55,2768707.75,170.0,2005-05-16
C14981,174645.0,229880.0,65.0,2006-08-28
C14986,12054086.36,11263592.6,251.8302732952585,2006-08-21
C15008,339099.15,354762.5,55.96228295450189,2005-06-01
C15009,778803.3,780124.9,89.53965272720303,2005-06-20
C15017,2370229.77,2456656.51,215.0,2005-03-31
C15023,1419027.3,1436808.0,118.91985127831651,2007-06-01
C15026,1489425.73,1247704.5,90.93870980106558,2008-01-02
C15027-ALT,2815815.2,2610596.25,185.0,2005-03-31
C15028R,1797383.69,2110550.75,144.0,2005-06-20
C15030,3321770.28,3576528.91,111.9245659090038,2005-05-02
C15031R,1082725.42,1139100.75,113.0,2005-04-25
C15032,5132660.53,4853103.25,179.0,2005-04-19
C15033,1059492.2,1038501.5,48.96699758518916,2005-07-11
C15035,1023605.46,879436.0,34.97642684656368,2005-03-15
C15039,3699713.66,4388712.7,118.91985127831651,2005-05-02
C15042,6998368.18,5936924.0,237.83970255663303,2012-05-04
C15049,5328455.17,5063292.05,288.20575721568474,2008-09-24
C15051,448448.0,648430.0,55.96228295450189,2005-12-30
C15052,523799.56,623746.0,62.95756832381464,2009-06-26
C15053,955736.5,972598.0,104.92928053969104,2005-05-02
C15060,1129802.45,1169629.4,55.96228295450189,2005-05-02
C15061,425058.2,433653.0,130.0,2006-02-21
C15064R,527240.0,533105.0,218.0,2005-10-07
C15065,4363308.99,4305309.1,83.94342443175285,2007-04-09
C15066,2959662.0,3399703.5,226.0,2006-01-18
C15067RB,4083618.2,3918928.18,180.0,2006-04-17
C15069,17275416.509999998,17618745.0,394.0,2008-05-08
C15070R,674019.75,599763.2,62.95756832381464,2005-09-26
C15072,520410.0,509097.5,62.95756832381464,2005-09-15
C15074,449882.5,434405.0,139.90570738625473,2005-03-28
C15076,255000.0,295090.0,48.96699758518916,2005-05-18
C15080,322191.6,345479.5,78.34719613630266,2005-07-28
C15095,8628074.05,10092297.5,167.8868488635057,2007-06-01
C15103,289752.18,358100.0,139.90570738625473,2005-05-18
C15104,122972.0,133425.0,55.96228295450189,2006-05-17
C15106,1283480.13,1295108.5,414.0,2006-06-13
C15107R,1373363.18,1420828.6,458.0,2006-07-19
C15108,1333668.88,1283055.0,662.0,2007-08-08
C15109,1047081.0,952884.75,309.0,2006-12-27
C15110,190970.0,249338.5,34.97642684656368,2005-08-15
C15111R,1513637.25,1464443.0,125.91513664762928,2006-10-30
C15135,4522513.3,5007144.4,153.8962781248802,2005-04-27
C15137,6249303.4,5772934.0,221.0,2006-02-07
C15139R,5847854.42,6121915.9,335.7736977270114,2005-10-24
C15141,2577365.95,2474392.2,118.91985127831651,2006-03-23
C15142,5798560.5,5429543.8,153.8962781248802,2006-04-03
C15144,4552264.0,4266148.96,153.8962781248802,2006-07-05
C15145R,3969728.35,3379162.75,111.9245659090038,2008-07-14
C15146,5794298.35,6437682.1,111.9245659090038,2008-01-28
C15148,1395084.77,1088469.95,139.90570738625473,2006-04-14
C15150,2319776.85,2124512.25,142.0,2006-01-11
C15154,285111.25,348328.0,62.95756832381464,2006-04-02
C15155R,13966285.67,14219922.65,918.0,2005-06-27
C15156,1913643.85,1715978.0,195.86799034075665,2005-06-20
C15157,2557832.76,2454497.1,139.90570738625473,2005-05-02
C15158,3184433.35,3789887.0,83.94342443175285,2005-04-20
C15159RB,5877051.15,5830027.8,119.0,2006-07-06
C15160,4933605.85,5190891.1,104.92928053969104,2006-04-04
C15161,442405.3,503151.0,55.96228295450189,2005-08-30
C15162,3943515.25,3587388.0,88.0,2005-07-06
C15168,1002439.05,1132531.0,27.981141477250947,2006-05-01
C15169,538822.0,631408.0,62.95756832381464,2005-10-24
C15174R,2567642.0,3891076.0,198.0,2006-03-30
C15175,217712.0,192106.85,15.38962781248802,2005-06-06
C15176,3362381.6,3376343.5,83.94342443175285,2008-03-25
C15179B,25711000.0,27250834.27,650.0,2007-02-07
C15180,193500.0,155688.0,55.96228295450189,2005-08-08
C15194,361992.0,365843.0,34.97642684656368,2006-05-14
C15195,3819931.0,3967487.0,215.0,2006-03-15
C15199,48230.0,47780.0,13.990570738625474,2005-07-05
C15200,304540.13,397144.0,20.98585610793821,2005-06-06
C15201S,11405683.5,9833551.0,349.76426846563686,2006-05-23
C15203RB,828332.4,845315.2,4.0,2005-08-29
C15204RA,496885.9,559280.9,18.0,2005-08-15
C15205R,1789459.8,1619673.0,153.8962781248802,2005-07-05
C15206,928517.9,978113.0,90.93870980106558,2005-10-03
C15207,916060.8,1261636.0,139.90570738625473,2006-06-01
C15209R,1692903.89,2181579.5,179.0,2006-03-06
C15217,596446.0,548514.0,111.9245659090038,2006-04-05
C15223,582604.67,793540.0,48.96699758518916,2005-09-27
C15225,587654.0,643872.85,34.97642684656368,2005-06-20
C15229,368801.18,492055.8,20.98585610793821,2006-01-11
C15231,342624.3,444828.4,139.90570738625473,2006-01-03
C15236,593870.9,868470.0,237.83970255663303,2006-11-06
C15261,3174436.5,3391904.95,69.95285369312737,2006-06-12
C15271,872770.0,736437.6,62.95756832381464,2005-06-27
C15272,1259439.92,1400001.0,69.95285369312737,2006-02-10
C15283,375032.73,520422.0,55.96228295450189,2008-02-27
C15288,466700.5,595860.0,83.94342443175285,2006-11-03
C15289,407512.36,336557.0,215.0,2005-10-24
C15290,4062848.89,3694929.5,117.52079420445398,2006-03-06
C15319,753599.0,811396.5,62.0,2006-06-01
C15320R,5542648.7,5580150.3,204.0,2006-04-11
C15321R,2250763.0,2162134.75,198.0,2006-04-17
C15326,280947.75,371517.25,55.96228295450189,2007-03-05
C15338,1088555.26,929166.0,135.7085361646671,2007-04-23
C15339,5447591.43,3986284.45,403.0,2010-09-07
C15349,2040422.08,2032132.25,181.8774196021312,2006-02-07
C15351,1126094.0,984090.5,69.95285369312737,2007-06-19
C15358,1204160.88,1406669.1,48.96699758518916,2006-06-04
C15359,1726368.4,1710465.3,83.94342443175285,2006-06-12
C15360,869775.8,849316.0,65.0,2006-06-05
C15361,2657491.25,3221312.61,97.93399517037832,2007-04-30
C15362,1433882.92,1754974.0,97.93399517037832,2007-05-21
C15363,1148761.7,1162824.8,69.95285369312737,2006-08-28
C15364,3058631.5,3326944.0,167.8868488635057,2007-04-02
C15365,4123078.14,3266591.98,139.90570738625473,2006-07-31
C15366,2396540.8,2945200.9,90.0,2007-06-17
C15368,525045.0,563231.0,195.86799034075665,2005-10-10
C15369,986750.0,1018740.0,129.0,2005-11-23
C15370,866980.0,1096460.0,69.95285369312737,2006-10-09
C15374R,218355.0,244473.0,183.0,2005-11-18
C15391,355920.5,322103.5,48.96699758518916,2006-02-27
C15392,249400.9,249216.8,55.96228295450189,2006-04-28
C15400,153748.96,151630.2,48.96699758518916,2007-04-23
C15402,40287126.82,36148774.0,489.6699758518916,2013-03-04
C15404,760000.0,760000.0,25.0,2005-06-24
C15406,2380980.05,2436772.55,55.96228295450189,2006-02-01
C15428,2467100.0,2775865.1,83.94342443175285,2006-03-08
C15429,2790697.45,3083933.5,76.9481390624401,2006-04-28
C15433,2933333.55,2997380.1,83.94342443175285,2006-05-30
C15434A,1236500.0,1128156.89,48.96699758518916,2006-06-12
C15435,2923453.45,3375916.0,69.95285369312737,2007-04-04
C15438,443623.75,461497.0,137.0,2006-04-04
C15488,4844123.93,5712144.6,430.0,2007-08-24
C15489,80122.17,105530.0,60.0,2006-04-18
C15490,2777777.0,2747049.48,153.8962781248802,2007-06-04
C15491,2419261.16,2980038.5,389.0,2009-09-08
C15492,851122.71,1516431.0,243.0,2006-10-16
C15493,578232.0,600440.0,55.96228295450189,2005-11-07
C15494,702481.0,899878.0,37.0,2011-10-25
C15498,396235.0,429999.0,186.0,2006-04-25
C15504,14374762.67,14098029.79,488.0,2008-07-02
C15505,205527.22,225354.0,43.0,2007-03-20
C15507,548670.08,533196.7,34.97642684656368,2006-07-10
C15508,1585500.0,1570994.3,48.96699758518916,2006-06-05
C15509,497454.0,502712.4,13.990570738625474,2007-06-28
C15510,674674.0,748650.7,26.0,2006-06-05
C15511,3792436.35,4077616.5,158.09344934646785,2009-06-09
C15514,4773079.65,4867600.58,111.9245659090038,2008-05-21
C15515R,4055794.53,4079237.65,83.94342443175285,2006-06-18
C15517,5198924.79,4419528.24,139.90570738625473,2006-04-30
C15525,106620.0,85860.0,34.97642684656368,2006-05-14
C15526,97243.28,98884.0,34.97642684656368,2006-04-18
C15527,141591.12,202358.0,41.97171221587642,2006-02-18
C15543,355247.78,443435.0,236.0,2006-03-10
C15544,335314.35,374046.0,55.96228295450189,2008-08-12
C15545,392973.0,382785.0,134.0,2006-04-14
C15548,3831830.3,2983500.0,266.0,2009-08-22
C15552,1077385.97,916800.5,104.92928053969104,2006-10-01
C15555,30172360.94,25356723.45,580.0,2008-05-15
C15560,871333.63,943961.0,139.90570738625473,2006-05-15
C15562,5730737.98,6655150.3,104.92928053969104,2006-04-18
C15564S,21614150.0,23130805.6,881.4059565334048,2008-09-14
C15566,71745.0,83930.0,14.0,2005-11-28
C15567,203119.1,281516.0,41.97171221587642,2006-04-26
C15568,2237574.9,1673560.5,139.90570738625473,2008-06-16
C15570,399752.79,396002.0,41.97171221587642,2007-07-09
C15573,3648394.17,4230014.81,209.0,2007-11-10
C15575,3597791.14,3856049.8,405.7265514201388,2009-06-08
C15576,4844120.65,4610163.0,545.6322588063935,2008-03-10
C15583,822321.0,1275275.0,157.0,2006-10-24
C15584,818472.25,830963.8,62.95756832381464,2006-05-02
C15585,2311991.69,2637408.0,72.75096784085247,2007-05-29
C15586,2364652.48,2736449.85,69.95285369312737,2007-05-07
C15590,285800.0,266104.25,27.981141477250947,2006-07-10
C15591,362927.25,402914.2,62.95756832381464,2006-10-01
C15595,695018.9,726665.5,53.0,2007-09-11
C15600,286049.5,249638.5,132.910422016942,2006-12-04
C15601,1780011.01,1500392.22,20.98585610793821,2007-04-30
C15607,219773.0,210034.0,62.95756832381464,2006-05-11
C15609,73752.81,89080.0,20.98585610793821,2006-05-24
C15611,53000.0,51000.0,31.0,2006-01-04
C15617,456066.97,380160.7,69.95285369312737,2006-07-19
C15618,2797888.9,3489212.45,139.90570738625473,2007-02-18
C15621,1063566.55,1151499.5,55.96228295450189,2007-06-11
C15630,579742.0,491196.0,52.0,2007-09-26
C15633,967652.85,928407.0,111.9245659090038,2007-06-09
C15634,232132.5,286330.0,48.96699758518916,2006-08-27
C15645,1031180.75,1053776.0,88.14059565334048,2006-09-11
C15652,2559169.65,2811842.0,111.9245659090038,2008-05-08
C15653,2924839.68,2667747.36,139.90570738625473,2010-06-06
C15654,442891.65,542810.25,55.96228295450189,2006-10-12
C15659R,703241.8,645618.6,20.98585610793821,2006-10-16
C15661R,985828.25,978094.5,83.94342443175285,2008-01-08
C15662,1711875.71,1665000.5,69.95285369312737,2006-09-06
C15663,498765.43,453992.4,50.0,2006-08-07
C15666,9323602.3,8786397.5,,
C15667,2587537.9,2949116.5,83.94342443175285,2007-06-04
C15668,2963668.63,3308883.5,72.75096784085247,2007-03-26
C15669,3030336.55,3521457.6,95.13588102265322,2007-06-11
C15671,5486601.9,6832068.8,104.92928053969104,2007-04-02
C15675,380390.5,498371.0,90.93870980106558,2007-01-16
C15676,841143.9299999999,915573.0,84.0,2007-12-17
C15678,640299.71,1125000.0,85.0,2006-08-25
C15697,2676489.56,2112037.7,132.910422016942,2011-01-31
C15699,1967361.92,2156610.7,307.7925562497604,2007-02-15
C15709,1068319.3,1109345.0,104.92928053969104,2006-09-24
C15710,2697045.45,2742875.75,125.91513664762928,2007-06-01
C15746,8997879.5,7827609.0,201.4642186362068,2007-02-26
C15747,734582.0,663891.0,83.94342443175285,2007-08-01
C15748,528135.17,590480.0,83.94342443175285,2007-07-09
C15751,1689662.64,1679740.4,69.95285369312737,2008-06-04
C15752R,439085.5,395769.0,83.94342443175285,2007-09-04
C15753,709850.0,806190.0,69.95285369312737,2006-12-13
C15763,3635675.58,4312252.55,125.91513664762928,2008-03-13
C15764,625811.84,825188.8,75.54908198857756,2008-04-01
C15766,2877507.36,3100273.85,97.93399517037832,2007-06-04
C15770,706432.45,886881.0,62.95756832381464,2007-06-25
C15771,381523.5,391263.5,41.97171221587642,2007-06-04
C15784R,1561305.75,1578283.45,139.90570738625473,2007-02-13
C15785,1139639.95,1477775.5,118.91985127831651,2007-10-01
C15790A,14839632.95,12882683.8,699.5285369312737,2012-01-09
C15808,293462.0,237240.0,83.94342443175285,2006-10-09
C15809,338332.0,348935.25,48.96699758518916,2009-03-02
C15815R,521239.95,659510.0,153.8962781248802,2007-10-22
C15819,1424425.0,1450756.96,27.981141477250947,2008-08-01
C15821R,939122.93,1217890.25,55.96228295450189,2008-09-02
C15827,9779611.989999998,10238983.0,407.1256084940013,2010-01-22
C15828,466133.0,419422.0,55.96228295450189,2007-03-05
C15832R,5359129.22,5490036.2,104.92928053969104,2007-05-10
C15833,457689.68,431832.52,8.394342443175285,2007-06-26
C15834,802999.0,781827.0,16.78868488635057,2007-07-24
C15835,5276036.85,3551522.5,104.92928053969104,2010-05-10
C15852R,4644444.44,5418685.25,419.0,2007-10-10
C15868,2287435.8,2268306.25,120.31890835217908,2008-05-02
C15873,1083000.0,1015221.75,248.0,2008-11-12
C15877,972690.7,1172706.0,83.94342443175285,2008-06-02
C15879,3795553.4,3314997.8,219.0,2007-11-14
C15883,7669001.1,11548853.5,297.0,2006-08-02
C15884,623715.96,660447.6,39.17359806815133,2008-08-04
C15898,7729214.100000001,5394350.4,383.0,2011-08-15
C15900,642889.56,509781.0,69.95285369312737,2007-07-30
C15901,543690.71,505319.0,86.0,2009-08-31
C15903R,1795394.0,2262221.15,426.0,2007-09-18
C15904,1047059.0,974789.4,83.94342443175285,2008-06-16
C15910,2159024.9,1839238.6,92.0,2007-07-09
C15914,9593034.3,10557149.65,167.8868488635057,2007-10-01
C15915,15189457.93,17657060.2,405.7265514201388,2009-03-31
C15916,6562928.8,6096687.5,225.0,2009-01-16
C15917A,4343762.3,4432395.0,219.0,2007-01-25
C15918,1993539.0,2023479.0,37.0,2008-03-28
C15919,4354792.7,5621152.05,172.0,2007-03-14
C15920,2969611.95,3321813.0,205.0,2007-04-10
C15922B,6097048.5,5912057.4,269.0,2007-02-21
C15923,636636.0,819788.8,27.981141477250947,2007-06-18
C15924,4276918.45,4232842.75,182.0,2007-05-03
C15925R,3238445.0,3386312.5,158.0,2007-03-13
C15927,3415296.65,3224579.5,75.0,2007-05-07
C15928,1479928.52,1602879.8,62.95756832381464,2008-06-04
C15929,432723.5,418183.76,52.0,2007-09-10
C15939,816806.1,905269.35,83.94342443175285,2008-05-05
C15943,2812764.1,2563035.0,111.9245659090038,2007-02-26
C15950,3665052.76,3540941.5,153.8962781248802,2008-10-29
C15951,1532512.79,1653875.0,90.0,2008-08-03
C15956,202702.0,240155.0,27.981141477250947,2007-07-20
C15967,1832020.35,2082441.0,75.54908198857756,2007-06-29
C15968R,376572.0,319835.0,50.366054659051706,2007-03-02
C15976,1063692.61,926130.07,62.95756832381464,2007-06-04
C15977,1746301.5,1269227.72,90.93870980106558,2007-07-17
C15985,494054.88,477600.0,55.96228295450189,2008-09-29
C16005,1060278.9,1095422.74,104.92928053969104,2007-07-11
C16006,389415.88,469776.75,41.97171221587642,2009-01-12
C16007,210362.83,235948.5,41.97171221587642,2007-08-08
C16008,297646.1,374335.0,41.97171221587642,2007-04-16
C16009,317825.19,387415.0,27.981141477250947,2007-09-10
C16012,4899999.99,4601333.0,90.93870980106558,2007-05-23
C16013,423042.0,357075.0,62.95756832381464,2008-01-07
C16018,422773.77,398927.5,34.97642684656368,2007-11-26
C16019,184655.0,184414.75,41.97171221587642,2008-03-07
C16022,107710.0,123000.0,29.38019855111349,2006-12-04
C16025,10913172.5,13388573.75,209.8585610793821,2008-10-29
C16026,7911503.5,8975034.58,139.90570738625473,2007-09-14
C16028,2713890.85,2945373.15,97.93399517037832,2007-07-09
C16034,542660.97,787375.0,139.90570738625473,2007-04-02
C16035R,4997321.45,4836851.64,209.8585610793821,2007-12-17
C16037,3396164.5,3104819.0,130.11230786921692,2007-06-05
C16042A,28436532.94,25535699.05,932.0,2008-05-13
C16043R,245745.0,286528.0,71.0,2008-02-20
C16046,16754116.07,15004262.9,251.8302732952585,2008-06-12
C16047,222684.5,249839.0,55.96228295450189,2008-04-15
C16048,1097998.85,1070263.8,51.0,2008-05-29
C16050,6895292.68,7347373.93,146.90099275556747,2008-02-04
C16052,321392.59,427535.0,55.96228295450189,2007-05-15
C16055,3399903.26,3620534.0,128.71325079535436,2008-05-01
C16062,2419993.55,2553938.0,150.0,2008-04-03
C16068,6315240.63,6455626.75,216.85384644869484,2009-06-04
C16076B,16752092.55,15113764.0,238.0,2008-03-29
C16080,2499967.11,2375430.77,55.96228295450189,2007-07-16
C16096,2947822.2,4523880.0,307.7925562497604,2008-02-01
C16100,744345.5,671108.5,69.95285369312737,2010-07-26
C16102,7401433.81,10142017.25,191.0,2008-05-09
C16103,743656.5,754956.5,69.95285369312737,2007-08-08
C16105,743016.64,1145010.0,67.0,2009-01-12
C16106,1011002.62,1115696.88,170.0,2007-10-10
C16108,6112092.41,6299855.18,125.91513664762928,2007-07-30
C16145,5100598.18,5275496.7,111.9245659090038,2008-06-02
C16146,436128.4,557400.0,41.97171221587642,2007-10-08
C16148,269524.35,227386.0,41.97171221587642,2007-07-18
C16149,575581.0,660846.0,62.95756832381464,2007-11-04
C16161,1688181.95,2242876.8,111.9245659090038,2009-03-29
C16170,6452243.8100000005,8055337.2,540.0,2009-06-29
C16172,3248323.6,3567960.0,83.94342443175285,2008-02-19
C16174,670854.0,554314.5,55.96228295450189,2008-03-10
C16188B,7101891.27,5804346.7,286.0,2009-03-05
C16189B,6496397.3,5659083.2,255.0,2008-02-20
C16191,173142.0,166732.0,73.0,2008-07-23
C16212,18706620.93,20554917.7,769.4813906244011,2011-05-06
C16213R,657969.25,742867.0,90.93870980106558,2008-01-07
C16214,6293353.12,6181771.9,132.910422016942,2009-05-18
C16216,2835979.4,2710121.1,100.0,2007-07-18
C16221B,1633683.0,1657215.2,71.0,2007-08-06
C16222,14141720.99,15789202.78,177.0,2008-03-23
C16239,1537065.69,1537065.69,213.0,2007-04-02
C16240,2753004.0,4097204.9,392.0,2007-09-05
C16241,871503.58,563055.0,-9.0,2008-08-11
C16259-ALT,28171493.47,23361238.25,503.6605465905171,2013-10-25
C16262,11602915.65,9827000.0,335.7736977270114,2010-06-18
C16263,2011980.45,2181253.05,97.93399517037832,2008-08-18
C16272RC,5042261.52,5006767.25,204.0,2008-04-18
C16273,689642.0,611284.0,62.95756832381464,2009-11-09
C16274,4526967.75,4841486.25,104.92928053969104,2008-04-15
C16275,7025624.03,6048909.85,314.7878416190732,2011-01-31
C16277,2267006.5,2158259.1,83.94342443175285,2008-04-28
C16278,5376287.95,5073623.0,83.94342443175285,2008-03-13
C16279,430877.65,468679.0,55.96228295450189,2008-07-10
C16288,847878.0,808879.5,106.0,2008-07-18
C16312B,433045.13,435753.0,48.96699758518916,2007-10-29
C16338,565038.4,569266.0,71.0,2007-08-09
C16357,18348449.62,15657341.9,587.6039710222699,2010-11-29
C16360,617019.71,622855.0,55.96228295450189,2008-01-22
C16366,1895895.95,1789485.6,83.94342443175285,2008-06-04
C16376,6820271.49,5520907.0,251.8302732952585,2011-09-19
C16386,2989957.78,3630320.25,125.91513664762928,2009-06-12
C16390,2894982.0500000003,2972833.0,211.25761815324464,2010-01-25
C16406,161558.45,195411.0,27.981141477250947,2008-04-10
C16408,834834.0,828326.35,29.38019855111349,2008-06-04
C16410,1398971.5,1287568.75,153.8962781248802,2008-07-14
C16415,1758303.0,1932875.0,62.95756832381464,2007-08-20
C16416,6845038.6,6000676.75,305.0,2008-02-01
C16417,22916613.46,21285412.22,385.0,2010-06-07
C16420,1517520.62,1272906.3,69.0,2008-03-16
C16421R,6133402.89,6921253.8,111.9245659090038,2008-05-05
C16422,293837.07,338185.95,62.95756832381464,2008-04-01
C16439,8679436.36,8012986.8,279.81141477250947,2013-04-24
C16441,468980.95,624276.25,48.96699758518916,2008-07-21
C16443,1881174.62,2440052.95,67.15473954540228,2008-04-09
C16445,4147695.6,4132031.0,76.9481390624401,2008-03-19
C16446,4567070.5,4090629.5,83.94342443175285,2008-07-14
C16448,521358.25,548248.0,68.0,2008-03-10
C16451,3384793.0,3207440.05,278.0,2008-01-28
C16453,9741062.12,8213025.69,100.0,2008-05-19
C16485,656970.65,808708.0,23.783970255663306,2008-03-13
C16491,1086860.86,1166761.0,41.97171221587642,2008-04-14
C16492,5293502.15,5102080.9,139.90570738625473,2008-05-04
C16493,5707366.97,6567475.5,423.0,2009-09-16
C16494,2976827.4,3021492.0,491.0,2008-04-25
C16495,908005.02,1087575.08,83.94342443175285,2008-07-07
C16521,231379.1,298865.0,53.1641688067768,2009-03-31
C16522,4038521.98,3498553.05,153.8962781248802,2009-03-01
C16532,239531.5,248854.0,34.97642684656368,2008-04-21
C16540,319349.0,319349.0,27.981141477250947,2007-08-24
C16548,1986483.38,2302427.8,,
C16552,227108.79,220763.2,41.97171221587642,2008-04-01
C16555,2618727.89,2320917.6,188.8727049714439,2009-09-28
C16562,493857.0,909646.0,27.981141477250947,2008-07-30
C16563,1256471.75,1132444.55,62.95756832381464,2008-06-16
C16564,602474.0,722860.0,108.0,2008-03-05
C16565,293322.15,289452.5,55.96228295450189,2008-07-14
C16567,225843.5,278970.0,153.8962781248802,2009-02-27
C16569,3985000.0,4561739.1,150.0,2008-06-11
C16574,534191.7,483191.8,41.97171221587642,2007-12-05
C16586,2712914.95,3120689.2,92.0,2009-01-21
C16595,750374.3,708773.8,62.95756832381464,2008-05-21
C16596,4129016.82,3987595.4,195.86799034075665,2009-05-04
C16600,236195.0,215083.0,55.96228295450189,2008-07-14
C16602,28247331.73,28325060.36,616.9841695733834,2014-08-18
C16604,4470973.7,5161352.85,198.0,2008-04-03
C16605,4515688.5,5862417.6,98.0,2008-04-25
C16606,344563.8,358550.0,34.97642684656368,2008-06-16
C16617,5012675.57,6008439.75,104.92928053969104,2008-03-04
C16618,299000.0,247485.0,48.96699758518916,2008-03-20
C16619,348461.15,333805.0,55.96228295450189,2009-05-05
C16620,4611791.0,4318841.0,307.7925562497604,2009-02-11
C16621,696740.75,635812.5,139.90570738625473,2008-02-05
C16623,314002.5,284609.0,48.96699758518916,2008-07-30
C16624,637840.0,698318.0,27.981141477250947,2007-11-29
C16625,200432.83,166472.0,27.981141477250947,2009-07-20
C16636,722341.0,704772.0,54.0,2008-06-16
C16639,19779165.71,18286286.0,360.0,2011-08-01
C16641R,5134640.6,5191528.85,139.90570738625473,2008-06-23
C16642,566800.86,686344.2,111.9245659090038,2008-10-13
C16645,151173.4,149974.0,10.0,2007-12-02
C16646,197500.0,199896.15,34.97642684656368,2008-09-15
C16650,10672144.15,8311419.75,125.91513664762928,2012-01-03
C16657,18518545.92,18795103.9,489.6699758518916,2010-06-21
C16658,328730.0,396411.5,111.9245659090038,2008-08-18
C16661,4108320.58,4349481.5,319.0,2009-01-06
C16664,3682724.47,3185567.5,125.91513664762928,2012-09-17
C16679,9187183.17,7852517.6,335.7736977270114,2011-08-08
C16680,2965399.12,3187123.7,69.95285369312737,2008-05-23
C16684,568645.0,471771.0,46.16888343746407,2008-08-05
C16689,1591390.71,1443450.0,153.8962781248802,2009-11-02
C16690,442654.99,603535.0,83.94342443175285,2009-11-17
C16696,8075228.83,7916036.75,365.0,2010-05-11
C16697,1632651.0,1700460.6,139.90570738625473,2012-08-13
C16698,2171257.84,2063124.65,210.0,2015-04-06
C16700,1128216.74,918846.55,125.91513664762928,2010-11-17
C16701A,2779795.0,3502694.5,181.8774196021312,2008-07-15
C16704,953926.22,1069195.6,69.95285369312737,2008-07-29
C16705,1258560.9,1476733.3,55.96228295450189,2009-06-01
C16706,2987574.9,2719803.7,55.96228295450189,2008-10-29
C16710,331891.5,432315.0,69.95285369312737,2008-11-03
C16731,2049430.27,2209222.5,153.8962781248802,2008-12-01
C16736,820290.0,816710.0,13.990570738625474,2008-02-07
C16737,463441.3,447929.0,41.97171221587642,2009-10-19
C16751,1628581.76,1445146.5,57.0,2012-09-05
C16754,146225.0,179936.0,41.97171221587642,2009-01-15
C16756,4280752.33,3483313.87,251.8302732952585,2015-07-15
C16758,150000.0,150000.0,13.990570738625474,2008-03-02
C16762,643818.45,578927.1,48.96699758518916,2009-09-19
C16766,640293.08,610762.95,27.981141477250947,2010-05-20
C16767,2152914.81,2799423.0,90.93870980106558,2009-07-13
C16773,380168.94,426540.0,34.97642684656368,2008-06-17
C16801,2983703.0,6748345.0,129.0,2008-04-23
C16804,710808.93,834812.25,55.96228295450189,2009-05-18
C16806,237053.0,226160.0,55.96228295450189,2009-05-07
C16807,1731552.34,1505115.0,76.9481390624401,2009-10-23
C16808,279132.6,268662.0,83.94342443175285,2008-12-01
C16813,436086.0,270270.0,57.0,2008-08-22
C16814,452029.64,404572.84,55.96228295450189,2008-10-06
C16816R,1014918.9,931600.75,54.0,2008-09-29
C16819,9195727.58,10074703.45,279.81141477250947,2009-06-02
C16830,7035016.35,7131635.75,172.0,2009-05-13
C16869,6756523.31,7408779.45,181.8774196021312,2009-05-05
C16870,6919621.03,8037208.0,144.0,2009-05-12
C16871,1648000.0,1820426.0,86.0,2008-10-07
C16878,854374.4,838929.1,90.93870980106558,2009-07-26
C16884,5105409.42,3942515.85,197.2670474146192,2012-09-01
C16886,844309.75,844309.75,,
C16891,3347327.75,4002410.6,114.0,2009-07-16
C16909R,1240504.51,1619217.4,34.97642684656368,2009-07-20
C16922,789909.4,850743.0,27.981141477250947,2009-06-03
C16941,310878.1,331100.0,83.94342443175285,2009-10-26
C16948,307250.25,359316.0,90.93870980106558,2009-06-01
C16949,150071.74,150022.0,27.981141477250947,2009-01-27
C16957,185963.0,218030.0,46.16888343746407,2009-05-19
C16967,4215868.36,4730340.19,97.93399517037832,2009-08-11
C16968,410460.63,442049.2,62.95756832381464,2009-06-29
C16975,490650.28,543684.0,41.97171221587642,2009-04-20
C16982,984000.0,1131691.25,83.94342443175285,2009-07-22
C16985,573490.0,746171.0,108.0,2009-03-25
C16989,1723369.1,1221320.0,120.0,2010-06-18
C16991,124306.73,177658.9,11.0,2009-12-08
C16995,391930.5,500662.0,100.0,2009-01-06
C16998R,440125.0,523548.6,105.0,2009-08-03
C16999,3968834.7,3616662.2,292.0,2008-10-13
C17006,564940.3,469938.0,64.0,2010-03-22
C17008,419476.75,481204.0,41.97171221587642,2009-06-23
C17010,1067725.0,803417.8,163.0,2009-12-16
C17012,394555.0,299945.0,60.0,2009-08-04
C17013,131180.5,105151.0,48.96699758518916,2009-09-15
C17014,1341839.19,862033.75,139.90570738625473,2009-06-02
C17015,519393.01,439280.0,62.95756832381464,2010-06-21
C17016,247463.2,272056.5,41.97171221587642,2009-09-14
C17018,22688541.65,19154622.85,363.7548392042624,2015-06-15
C17021,5726080.26,5018186.0,209.8585610793821,2011-06-01
C17023,149779.5,168906.0,34.97642684656368,2009-03-23
C17024,10246818.33,10831924.31,357.0,2009-10-12
C17025,185558.95,150014.0,34.97642684656368,2009-05-18
C17026,213988.65,210355.5,48.96699758518916,2009-08-24
C17031,383914.0,444058.0,181.8774196021312,2009-08-18
C17033,3686546.45,2790344.2,97.93399517037832,2010-07-06
C17046,2401747.55,1993414.75,242.0,2010-11-01
C17048,661848.95,528795.0,48.96699758518916,2009-09-15
C17051,367270.0,372365.5,41.97171221587642,2009-07-29
C17066,1892162.13,2815128.0,526.0,2009-06-12
C17070,490059.2,417521.0,131.0,2009-06-22
C17072,2240963.16,1751380.8,92.33776687492814,2009-08-12
C17083,50915979.38,46863415.95,738.7021349994251,2012-03-12
C17099,1702499.63,1234482.0,74.0,2009-06-02
C17100,312228.4,325451.0,55.96228295450189,2009-08-03
C17109,862228.05,979271.5,62.95756832381464,2009-09-21
C17110,9682685.77,11079482.7,181.8774196021312,2009-10-15
C17113,7484355.6,6204335.0,223.8491318180076,2010-08-08
C17115,561814.95,546784.0,100.7321093181034,2009-06-20
C17116,76730.0,80951.5,25.183027329525853,2009-06-09
C17117,235821.15,213810.5,69.95285369312737,2009-08-03
C17118,296276.45,292605.0,55.96228295450189,2009-08-08
C17121,819201.0,700122.5,125.91513664762928,2010-04-05
C17136R-ALT,14289792.26,11224644.2,138.0,2015-07-06
C17137,911645.0,710703.0,125.91513664762928,2012-03-29
C17138-ALT,6277813.46,5252996.5,174.88213423281843,2012-05-14
C17140,252352.17,280509.5,60.0,2009-09-15
C17143,442634.95,474731.0,41.97171221587642,2009-07-06
C17144,2046567.05,2132527.5,55.96228295450189,2009-07-13
C17145,2839072.81,2992991.9,76.9481390624401,2009-06-12
C17148,1310534.52,994914.87,83.94342443175285,2011-07-28
C17163,1060560.85,880777.3,48.96699758518916,2010-08-09
C17167,3940662.41,4823834.2,103.53022346582851,2009-07-05
C17168,4624868.01,4104041.0,211.25761815324464,2010-06-02
C17169,11558717.08,12120542.44,188.8727049714439,2009-07-13
C17170,29265528.61,22820114.5,699.5285369312737,2010-04-01
C17172,476448.0,608807.4,277.0,2009-12-01
C17174,7920491.8,8851731.85,442.0,2009-07-17
C17183,1094241.0,1026575.9,34.97642684656368,2009-06-16
C17184,3127645.3200000003,2184098.7,41.97171221587642,2011-05-18
C17187,6931903.56,8120606.85,502.0,2009-06-16
C17190,196418.0,231298.0,55.96228295450189,2009-08-10
C17191,232297.5,285932.0,69.95285369312737,2009-06-01
C17192,232313.95,269565.0,55.96228295450189,2009-07-13
C17193,1102857.0,1172680.0,153.8962781248802,2013-09-16
C17195,410496.56,351114.15,44.76982636360152,2009-09-29
C17198,214944.0,155388.0,47.56794051132661,2009-08-10
C17202,644984.3,652967.5,83.94342443175285,2009-09-05
C17208,1492538.0,1674229.86,20.98585610793821,2010-06-30
C17214,699635.01,681104.0,97.93399517037832,2009-07-20
C17216,4869777.51,4488990.95,90.93870980106558,2010-08-01
C17221,3607979.22,2900750.95,139.90570738625473,2010-05-04
C17242,3834319.21,3007523.9,354.0,2009-11-12
C17243,997970.0,1340955.5,62.95756832381464,2009-09-21
C17245,3403845.74,4091083.35,314.7878416190732,2009-08-31
C17246,1417544.75,1423662.0,81.14531028402774,2009-05-19
C17248,8083355.04,9423880.3,559.6228295450189,2009-07-06
C17249,3023563.74,3006350.5,174.88213423281843,2009-06-22
C17250,2144287.14,2572647.2,97.93399517037832,2009-06-01
C17251,1100655.25,1260928.8,75.0,2009-05-26
C17252,407407.47,581461.5,41.97171221587642,2009-05-18
C17253,1128290.9,1192509.5,69.95285369312737,2010-03-08
C17254R,1007547.81,853870.84,27.981141477250947,2010-05-18
C17255,2782712.4,2964775.0,139.90570738625473,2009-06-14
C17256,25302615.83,26252846.9,400.0,2009-07-09
C17261,4830088.76,4134396.75,766.0,2009-05-29
C17263,2892872.2,3005940.3,104.92928053969104,2010-05-18
C17264,2076512.38,1563698.8,48.96699758518916,2010-07-26
C17265,8072887.46,7962264.7,454.6935490053279,2009-08-26
C17268,251141.0,198600.0,27.981141477250947,2015-09-02
C17269,2937478.68,3002037.5,223.8491318180076,2009-09-03
C17271,2419795.25,3597192.45,279.81141477250947,2009-09-16
C17278,958679.12,781487.5,55.96228295450189,2010-07-20
C17280,6887953.26,5277727.0,239.0,2011-03-08
C17282,6434737.67,6016886.75,455.0,2010-02-26
C17303,7551848.3,7538844.5,267.0,2010-02-26
C17304,1881057.69,2306394.95,114.0,2009-08-03
C17314,2986381.47,2468909.0,177.0,2011-04-22
C17315,4224338.45,3839730.2,111.9245659090038,2011-06-21
C17316,3444911.15,3335384.3,104.92928053969104,2010-03-11
C17318,9856817.42,7336600.9,160.0,2010-06-29
C17332,194405.0,203863.0,76.0,2009-07-17
C17344A,1459000.0,1351478.0,125.91513664762928,2009-06-22
C17353,4547607.63,4165623.95,354.0,2010-10-26
C17357,6646906.7700000005,5231276.33,114.0,2010-03-25
C17358,7636990.63,6091807.05,473.0,2011-08-01
C17361,5821407.25,4644526.0,111.9245659090038,2011-06-06
C17366,375025.43,236621.53,55.96228295450189,2010-05-05
C17391,7189208.15,6351544.24,188.8727049714439,2010-03-29
C17393R,278558.25,275493.0,48.96699758518916,2011-08-18
C17395,1158000.0,929768.0,132.910422016942,2010-01-19
C17407,2342011.66,3037100.5,69.95285369312737,2009-09-07
C17409,486549.9,434969.0,55.96228295450189,2010-07-19
C17410,453013.34,450325.5,55.96228295450189,2010-08-18
C17416,262114.25,218000.0,65.75568247153973,2010-03-22
C17437,2737773.77,2123571.0,139.90570738625473,2010-11-08
C17442,446042.97,259821.0,48.96699758518916,2011-05-18
C17451,315142.88,499085.0,349.76426846563686,2010-06-29
C17452,3146599.1,3390085.7,80.0,2010-05-17
C17477,236892.5,165877.5,47.0,2010-08-30
C17489,2962897.34,2474444.5,90.0,2010-03-17
C17495,3713312.28,3048363.0,113.32362298286634,2011-08-16
C17498,536307.0,496562.75,25.183027329525853,2010-05-03
C17518,371212.46,319940.0,55.96228295450189,2010-06-24
C17523,602359.87,539757.2,104.92928053969104,2010-08-30
C17524,2383350.22,2213264.0,167.8868488635057,2010-09-15
C17530,4453234.5,3679989.5,107.0,2010-05-06
C17533,3096216.75,3608096.3,174.88213423281843,2010-06-02
C17535,8855085.16,8850716.9,580.0,2011-02-24
C17537,9269010.57,7739898.6,255.0,2011-07-29
C17545,208713.0,134815.65,110.0,2010-05-14
C17546,690754.0,571344.25,168.0,2010-04-16
C17550,789571.55,1209265.0,148.0,2010-01-22
C17558,4615481.98,3366052.0,144.0,2013-06-10
C17559,4506734.569999999,3902502.0,88.14059565334048,2010-07-19
C17583,9184697.8,7824001.25,621.181340794971,2011-03-01
C17600,1260835.62,828824.0,111.9245659090038,2010-09-13
C17601,674725.0,484410.0,93.0,2010-08-19
C17604,231595.1,250167.5,34.97642684656368,2010-09-20
C17615,1954606.6,1952302.0,97.93399517037832,2010-06-14
C17616,5182510.86,4842531.7,97.93399517037832,2010-02-26
C17617A,5705079.460000001,5830900.5,209.0,2010-04-06
C17619,2222825.0,2133075.0,69.95285369312737,2011-06-06
C17620,355223.0,325421.55,46.16888343746407,2010-03-11
C17622,10579104.12,8999599.47,219.65196059641997,2010-03-01
C17627,1583850.7400000002,1401684.2,167.8868488635057,2015-02-02
C17635,11579003.87,9978588.25,203.0,2011-02-10
C17636R,2580553.36,2158371.5,124.0,2011-03-14
C17637,3246012.6,2840010.5,88.0,2011-07-05
C17641R,2914308.3,2582517.6,251.8302732952585,2012-08-02
C17642,241280.57,201684.5,20.98585610793821,2010-10-18
C17647,2037507.31,2125469.0,104.92928053969104,2011-08-21
C17648,5240661.89,5335050.33,116.12173713059144,2010-05-18
C17653,626235.3,454016.8,62.95756832381464,2010-07-19
C17654,820300.0,650645.4,113.0,2010-07-30
C17655,1183556.45,1446695.05,48.96699758518916,2010-06-18
C17656,481327.44,399879.0,62.95756832381464,2010-10-13
C17657,296802.8,241331.7,48.96699758518916,2010-07-26
C17658,1135049.1,921368.0,69.95285369312737,2011-07-25
C17664,1049512.5,894455.0,97.93399517037832,2011-05-09
C17665,5635807.63,4830894.85,153.8962781248802,2010-04-05
C17667,6462657.6,5141667.7,251.8302732952585,2011-04-27
C17668,2864541.79,3443487.0,283.0,2010-08-18
C17669,1968635.0,1750941.0,139.90570738625473,2010-06-22
C17670,4331294.91,3783161.5,464.0,2010-07-26
C17671,1835458.06,1400166.8,117.0,2010-07-19
C17672R,4905462.66,5172239.8,310.0,2010-12-30
C17674,785113.45,526041.8,69.95285369312737,2010-10-01
C17675,2784470.02,2382500.0,150.0,2010-08-04
C17679-ALT,18707448.81,18241698.65,615.5851124995208,2010-06-14
C17682R,518176.35,459621.2,48.96699758518916,2011-07-18
C17683,901085.51,899406.75,121.0,2010-05-06
C17684,371997.5,295512.0,138.0,2010-12-15
C17685,1659030.65,1435290.7,76.9481390624401,2010-08-02
C17690,217371.81,178347.0,34.97642684656368,2010-05-19
C17691,95209.48,79823.0,27.981141477250947,2010-04-11
C17692,233899.45,230555.0,48.96699758518916,2010-07-26
C17693,208629.84,188707.5,34.97642684656368,2010-07-28
C17694,443721.64,389627.4,62.95756832381464,2011-04-20
C17698,1099787.0,764137.0,128.0,2010-07-26
C17700,1542973.8,1186410.0,90.93870980106558,2011-06-20
C17701,1337551.53,1088702.6,158.0,2010-06-15
C17702,1685426.85,1038730.0,86.0,2010-08-19
C17703,1219886.0,1252353.9,125.91513664762928,2010-12-20
C17704,3258701.0,2560126.6,107.72739468741617,2010-08-15
C17711,2293349.6,2052305.0,83.94342443175285,2010-07-09
C17716,255104.0,280227.0,34.97642684656368,2012-02-12
C17717,590184.5,554664.0,67.15473954540228,2010-05-24
C17718,12279302.35,12115529.15,540.0,2011-08-15
C17734,3608262.72,3127848.0,276.0,2010-10-18
C17735,12473156.73,9910935.2,335.7736977270114,2013-04-08
C17738A,4322460.37,5944016.15,167.8868488635057,2010-10-13
C17739R,4213557.5,3648511.0,90.93870980106558,2011-05-02
C17746,7652003.550000001,6467499.9,118.91985127831651,2010-06-28
C17757,15369435.72,13000677.0,349.76426846563686,2012-06-04
C17760,963456.92,1130330.0,45.0,2010-10-12
C17763,1141009.9,853206.0,83.94342443175285,2011-03-21
C17764,4377426.69,4375158.75,83.94342443175285,2011-05-13
C17765,6229383.55,5205976.45,97.93399517037832,2010-06-16
C17766,11299153.2,8829700.1,108.0,2011-06-02
C17767,1742867.31,829559.68,247.6331020736709,2011-03-14
C17768,864328.6,730315.5,34.97642684656368,2011-04-11
C17770,777606.35,1109226.0,180.0,2011-01-10
C17772,10791180.0,11795762.0,466.0,2014-05-02
C17776,810872.75,473298.0,42.0,2011-03-30
C17777,265860.2,279758.0,40.0,2011-08-08
C17778R,2920778.81,2723733.94,541.0,2017-03-08
C17779,286069.25,323277.75,41.97171221587642,2010-09-22
C17783-ALT,39322678.78,39088208.8,730.0,2011-04-11
C17788,5544830.55,4544280.8,131.0,2011-05-16
C17791,1045722.5,1032082.0,293.80198551113494,2010-11-01
C17797,2250148.15,2136910.0,62.95756832381464,2016-08-10
C17798,1801733.15,1481946.0,27.981141477250947,2015-07-19
C17800S,11637246.64,11175517.0,181.8774196021312,2014-04-21
C17804,1948284.41,1914397.0,216.85384644869484,2011-07-17
C17807,1573636.13,1434239.0,69.95285369312737,2011-10-19
C17809,961240.05,880757.35,123.11702249990417,2010-12-09
C17811,326847.0,279997.0,47.56794051132661,2011-11-14
C17813,3924793.3,2815509.0,70.0,2011-04-20
C17815,610868.0,660000.0,139.90570738625473,2012-01-09
C17818,14914180.56,12374358.0,153.8962781248802,2013-03-25
C17821,1862250.91,1900059.0,195.86799034075665,2013-01-25
C17823,3560981.47,3465687.0,90.93870980106558,2011-04-01
C17824,2170051.93,1776254.5,55.96228295450189,2011-03-24
C17825,9061742.98,8668527.83,153.8962781248802,2012-06-17
C17826,5382932.32,4376542.15,195.86799034075665,2010-10-12
C17827,3853116.0,3309383.9,97.93399517037832,2012-03-01
C17835,6056391.25,4597637.35,83.94342443175285,2012-12-13
C17837,1179031.75,738347.5,55.0,2010-03-22
C17843,6104051.350000001,5608199.81,160.89156349419295,2011-04-25
C17846,10508954.6,8372878.21,223.8491318180076,2011-03-01
C17847,4502617.44,2659795.8,139.90570738625473,2010-11-05
C17857,727706.7,764450.0,153.8962781248802,2010-09-27
C17860,7307352.970000001,6964798.8,413.0,2011-11-15
C17864,5049293.84,2580581.8,125.91513664762928,2011-07-05
C17866,23548030.09,21482082.5,874.4106711640922,2015-04-27
C17884,3222631.18,2703257.0,97.93399517037832,2011-07-05
C17889,1599690.65,1229055.0,69.95285369312737,2012-08-20
C17890,10677844.0,9058227.15,146.0,2014-05-08
C17891,2896117.08,2835305.65,58.76039710222699,2011-04-14
C17902,1387276.95,1202817.0,55.96228295450189,2011-05-23
C17916,519164.0,305076.0,9.793399517037832,2010-08-17
C17936,548425.1,525279.0,41.97171221587642,2012-08-27
C17938,845909.0,952955.0,97.93399517037832,2010-10-05
C17949,309061.0,278923.2,32.17831269883859,2010-09-27
C17951R-ALT,5998132.59,5568674.5,167.8868488635057,2013-08-05
C17952,2286326.92,2242930.0,111.9245659090038,2010-11-08
C17953,350230.5,300267.75,83.94342443175285,2011-03-21
C17964R,7319885.0,6319808.6,90.93870980106558,2012-03-26
C17969,2703931.07,2595147.8,55.96228295450189,2011-06-21
C17987,6480424.42,5732397.64,139.90570738625473,2012-04-11
C17988,12505176.57,8047174.55,209.8585610793821,2012-04-09
C17999,657872.84,544518.0,83.94342443175285,2011-10-24
C18003,938571.84,1185572.75,83.94342443175285,2011-03-04
C18009,1250824.46,822117.0,41.97171221587642,2011-10-03
C18010,2022945.5,1913506.85,172.08402008509333,2012-04-05
C18012,2797298.0,2048329.0,167.8868488635057,2011-07-18
C18013,4606974.96,3137128.3,349.76426846563686,2012-09-04
C18018A,9074893.9,10679750.5,227.0,2012-03-19
C18021,4507090.84,3436783.9,167.8868488635057,2012-06-06
C18022,1756837.35,1834728.7,139.90570738625473,2011-02-24
C18023,871230.2,679248.5,180.4783625282686,2012-03-26
C18024,1236534.51,1143843.0,181.8774196021312,2011-09-19
C18025,2801509.49,3033960.0,58.76039710222699,2012-07-22
C18029,1326468.0,1236733.0,76.9481390624401,2011-04-18
C18031,514892.9,451887.5,48.96699758518916,2011-07-25
C18034,5490273.5200000005,4522968.9,293.80198551113494,2011-08-08
C18035,1003726.21,1003336.0,62.95756832381464,2012-03-20
C18042,2082116.46,1938888.0,167.8868488635057,2011-08-29
C18044,550664.0,590322.0,75.54908198857756,2011-07-27
C18045,4878878.47,4371738.8,83.94342443175285,2011-06-22
C18046,2235840.15,2462748.0,125.91513664762928,2011-07-14
C18047,915845.5,939505.0,41.97171221587642,2011-05-02
C18049,216035.94,209230.0,34.97642684656368,2011-08-23
C18050,295000.0,256110.0,34.97642684656368,2012-06-11
C18052,731586.89,558827.0,55.96228295450189,2011-08-01
C18053,1448349.92,1683957.3,193.06987619303155,2012-09-04
C18055,1573854.09,769036.0,129.0,2011-01-18
C18059,2029934.53,1345600.0,199.0,2011-03-16
C18070,11945285.65,11166826.9,270.0,2011-09-12
C18072,825314.0,770550.37,109.1264517612787,2010-12-13
C18075,953138.5,865573.5,153.8962781248802,2011-11-23
C18077,486346.7,383145.0,27.981141477250947,2011-09-01
C18080,1847419.05,1490915.01,167.8868488635057,2012-12-03
C18081,4340141.91,3460434.7,349.76426846563686,2011-02-07
C18082,6931899.34,5933244.5,405.7265514201388,2012-05-29
C18083,5887941.7,5741707.0,492.4680899996167,2011-09-26
C18085,10142262.46,10522710.85,438.0,2014-09-09
C18093,2911503.0,2700356.0,41.97171221587642,2011-06-08
C18094,2020432.0,1701639.0,111.9245659090038,2011-10-17
C18095-ALT,12504979.25,7567400.0,120.0,2011-06-30
C18099,1174832.85,1161618.85,308.0,2011-12-30
C18103,358036.25,302251.0,30.77925562497604,2012-03-05
C18106,226836.15,170195.4,41.97171221587642,2012-06-22
C18108,1104519.4,912301.5,41.97171221587642,2014-09-23
C18109,584692.0,525850.0,58.76039710222699,2012-03-07
C18115-ALT,2003868.93,2287164.4,218.0,2011-01-27
C18125R,677000.0,795590.0,111.9245659090038,2011-10-23
C18131,5964056.52,4833116.2,342.7689830963241,2011-03-14
C18132R,1500598.91,1363403.35,118.91985127831651,2013-09-12
C18138,3828574.19,4211428.22,260.0,2013-02-19
C18139,837119.47,630352.8,137.0,2011-08-16
C18140,292299.95,248270.0,34.97642684656368,2012-03-19
C18141,388000.0,294998.5,33.0,2011-09-19
C18142,1203717.27,1250780.0,62.95756832381464,2011-07-18
C18145,2212016.25,1932627.8,125.91513664762928,2012-05-10
C18146,7515293.1,7826179.0,146.90099275556747,2016-04-11
C18147,18168203.44,17811259.14,425.0,2013-11-06
C18148,1064128.99,950688.5,76.9481390624401,2011-07-13
C18149,19502797.71,13574123.0,270.0,2012-11-05
C18151,12073939.47,12496234.0,405.7265514201388,2014-07-03
C18152,3251998.2,3352513.6,159.0,2013-06-24
C18154,10067159.4,8527215.25,632.3737973858714,2012-01-10
C18155-COMBO,10576196.37,8200000.0,370.7501245735751,2014-10-02
C18159R,9253191.46,7858392.25,663.0,2014-08-11
C18160,3415586.92,2926762.0,278.0,2011-08-15
C18162,6986973.73,5737348.05,415.0,2012-09-04
C18163,4892192.9,4883582.0,399.0,2011-09-29
C18176,688618.85,543704.0,195.86799034075665,2011-09-06
C18177,1306999.37,1342359.0,181.8774196021312,2011-10-19
C18180,6089489.44,6272518.65,495.2662041473418,2013-07-23
C18185,2895023.8400000003,2164739.6,48.96699758518916,2013-07-29
C18186,308433.42,281925.0,125.91513664762928,2011-02-07
C18187,4323726.85,4220421.0,223.8491318180076,2012-04-09
C18191,2259700.0,1717241.0,,
C18193,2204488.54,1641785.6,167.8868488635057,2011-09-06
C18203,2358292.15,2317018.0,223.8491318180076,2011-11-15
C18204,8021638.12,7637214.05,552.6275441757062,2014-06-09
C18206,7732024.07,7670927.25,524.6464026984553,2014-01-13
C18208,2569130.2,1802435.6,167.8868488635057,2013-04-29
C18212,1052910.84,979774.0,171.0,2011-03-14
C18218,903290.0,628790.0,251.0,2011-10-09
C18219,794833.69,682229.88,55.96228295450189,2012-08-26
C18220,6647314.52,5649961.1,447.6982636360152,2012-02-27
C18221,1236982.15,433980.2,62.95756832381464,2013-02-04
C18224,6178105.3,5449039.35,215.4547893748323,2012-11-05
C18226,5033407.07,4684280.95,104.92928053969104,2012-09-05
C18230,3090021.7,2641027.0,61.55851124995208,2012-04-29
C18231,3984730.03,4529135.8,200.0,2012-05-01
C18234,346674.5,272720.0,39.0,2010-11-15
C18242,11941615.84,7053155.7,230.84441718732032,2012-06-18
C18243,323527.0,279752.0,69.95285369312737,2012-06-25
C18247,7494992.85,5617634.2,195.86799034075665,2013-03-18
C18254,239306.85,337553.0,107.72739468741617,2012-12-03
C18257A,1083938.95,1124000.0,69.95285369312737,2011-08-17
C18262,3859226.7,2935758.0,90.93870980106558,2011-08-31
C18263,256972.45,250450.0,111.9245659090038,2011-05-27
C18264,6219987.180000001,6120365.0,194.0,2013-04-15
C18266S,1466964.0,1952055.72,103.0,2016-07-18
C18268,200640.1,199807.0,100.0,2011-05-24
C18269,6788990.1,6280449.5,105.0,2012-06-15
C18274,259501.5,183807.5,41.97171221587642,2011-07-14
C18275,410024.45,314419.75,41.97171221587642,2011-05-20
C18276,1272466.0,1099086.0,38.0,2012-03-02
C18278,621041.16,475382.0,71.35191076698992,2012-08-03
C18282,4070850.61,3291178.0,225.0,2012-05-21
C18283,1528127.45,1199705.2,82.0,2012-07-30
C18284,7394889.41,5815950.0,118.91985127831651,2011-08-09
C18285,716948.25,758161.2,13.990570738625474,2011-06-09
C18287,6411954.0,5204621.8,169.0,2012-04-16
C18288,680481.0,562312.0,95.0,2012-06-19
C18290,5609303.67,6047660.15,180.0,2012-06-19
C18293,717623.5,734351.0,41.97171221587642,2011-09-30
C18295-ALT,7144302.03,5749077.25,97.93399517037832,2012-05-14
C18297,1376902.64,1425513.5,130.11230786921692,2012-10-01
C18312R,906843.04,720021.5,69.95285369312737,2012-03-26
C18313,778995.6,809153.0,20.98585610793821,2012-06-11
C18314,1211643.05,1206214.8,20.98585610793821,2013-07-08
C18315,949233.0,996322.5,20.98585610793821,2012-07-23
C18316,8733399.13,8045056.5,265.820844033884,2014-03-03
C18317,780870.0,819352.0,131.0,2012-07-23
C18320,2159120.86,1528090.5,67.15473954540228,2011-10-21
C18321,2484183.15,3568011.0,144.0,2012-07-30
C18323,4597484.68,3983840.05,423.0,2012-04-05
C18333R,6187204.23,5477999.7,180.0,2014-05-19
C18334,455723.58,534336.5,147.0,2012-06-07
C18337,3297621.75,2728420.08,207.06044693165703,2014-06-16
C18338,683355.0,651039.5,125.91513664762928,2012-05-07
C18340R,2994010.36,2576863.3,111.9245659090038,2015-04-13
C18349,7131107.74,6274934.0,139.90570738625473,2012-06-08
C18354,440260.0,437813.0,47.0,2012-09-17
C18356,566460.72,588340.0,81.14531028402774,2012-01-08
C18360,2013991.96,2522908.0,40.57265514201387,2011-09-23
C18363R,983372.65,974187.0,109.0,2013-04-29
C18367,12475277.28,10500000.0,433.7076928973897,2015-01-26
C18369R,2488217.5,2354217.45,79.74625321016521,2012-04-30
C18370,3799038.56,3000000.0,296.6000996588601,2014-10-02
C18371,4426972.82,3687276.95,181.8774196021312,2012-07-23
C18376,2877437.57,2607387.0,69.95285369312737,2012-06-04
C18380R,3496055.77,2946400.35,55.96228295450189,2012-06-20
C18412,241920.5,179804.75,41.97171221587642,2011-08-16
C18414,4047973.61,2360976.0,40.0,2012-02-13
C18432-ALT,2470963.34,2394382.0,160.89156349419295,2012-06-25
C18434,2948661.32,2352651.0,69.95285369312737,2011-10-10
C18442,1337802.36,1174920.47,100.7321093181034,2012-07-15
C18443,778075.0,726500.0,51.0,2012-03-26
C18444,264300.0,269430.0,18.0,2012-02-13
C18445,2257492.5900000003,1883716.0,206.0,2012-02-08
C18449,4929628.49,3858964.25,97.93399517037832,2013-06-10
C18451,4307645.0,3492784.35,202.8632757100694,2013-02-01
C18455,1179656.8,930415.0,104.92928053969104,2012-11-13
C18456,7036914.08,7218715.37,174.88213423281843,2013-04-15
C18460,587197.0,464375.0,33.0,2011-10-17
C18461,2250263.65,2087267.97,195.86799034075665,2012-12-03
C18465,6309672.64,4444681.45,279.81141477250947,2013-06-20
C18478,2067262.06,1836029.0,41.97171221587642,2012-05-06
C18530,7341451.8,6465276.0,114.72268005672888,2012-07-09
C18532,1274901.5,1280449.0,153.8962781248802,2012-10-01
C18537,1053779.86,1166490.0,107.0,2012-04-03
C18538,3125672.2,3033341.5,83.94342443175285,2012-06-15
C18556,7256887.0,5076086.0,264.42178696002145,2013-02-04
C18558,7853372.13,6595837.25,240.0,2014-04-14
C18560,1633145.0,1303627.8,97.93399517037832,2012-02-24
C18561,516408.5,375315.5,83.94342443175285,2012-04-16
C18584,594655.22,596314.2,,
C18586,1675169.17,1048969.0,10.0,2013-05-28
C18596,6944011.62,5318237.7,81.0,2012-05-15
C18597,1245023.0,1238636.8,41.97171221587642,2012-05-29
C18603,4703135.21,1623096.74,304.0,2011-08-03
C18610,886817.83,976820.0,90.93870980106558,2013-01-14
C18612,1867300.0,1801579.0,139.90570738625473,2014-08-06
C18613,248744.24,206799.0,69.95285369312737,2013-04-01
C18618,6895306.6,5684793.7,251.8302732952585,2013-09-03
C18620,3731951.24,2989089.5,83.94342443175285,2014-04-04
C18622,209609.09,226662.0,27.981141477250947,2012-05-08
C18623,3609160.1,2679446.9,90.93870980106558,2013-06-17
C18627,4654163.0,4027386.9,157.0,2012-08-28
C18640,2016544.55,2314000.0,264.0,2012-02-06
C18644,511863.55,469651.3,55.96228295450189,2012-05-28
C18647T,2221882.3,1763705.25,111.9245659090038,2012-09-21
C18648,3398133.73,2998219.5,156.0,2012-05-30
C18657,720136.2,815210.0,69.95285369312737,2012-09-17
C18658,2104155.45,2244055.0,82.0,2012-07-09
C18667,1379553.0,1581780.0,92.0,2011-08-31
C18669,5029883.0,5402861.5,230.84441718732032,2013-03-17
C18670,1492766.61,965650.0,139.90570738625473,2011-08-24
C18671,724476.0,902075.0,135.0,2012-12-17
C18672,526217.25,432693.0,48.96699758518916,2013-02-26
C18677,547580.75,456982.25,76.9481390624401,2012-08-06
C18691,673975.75,561668.5,54.56322588063935,2012-05-21
C18692,359916.95,325241.5,72.0,2011-12-22
C18693,296215.56,208066.0,27.981141477250947,2011-08-25
C18695,55935831.0,38205802.25,769.4813906244011,2013-09-30
C18696,409597.51,393048.0,62.95756832381464,2013-02-01
C18722,3642029.72,3917957.0,60.0,2012-05-01
C18727,5812275.81,4373971.9,93.73682394879069,2012-05-30
C18728,454403.16,273610.0,34.97642684656368,2012-11-01
C18732,9439139.92,7000453.0,151.0,2012-04-02
C18733,1273741.1,1363308.5,90.93870980106558,2013-03-25
C18735,1327240.0,1182836.5,41.97171221587642,2012-06-10
C18736,4151373.12,3265439.9,97.93399517037832,2013-06-10
C18737,1675943.6,1677085.5,124.0,2013-04-15
C18747,2101733.59,1738641.23,58.76039710222699,2012-08-19
C18752,213116.0,201500.0,20.98585610793821,2013-01-07
C18753,3001136.8200000003,2790415.25,209.8585610793821,2015-07-03
C18756,383298.0,270105.0,34.97642684656368,2013-09-16
C18758,2848816.25,2111540.0,139.90570738625473,2012-05-11
C18763R,3301180.3,2916475.0,492.0,2015-05-28
C18770,4530972.65,4925621.0,356.7595538349496,2013-06-10
C18771,4886626.550000001,4149356.6,181.8774196021312,2013-06-28
C18775,3428652.42,3245103.16,69.95285369312737,2012-06-11
C18776,348300.0,357051.0,55.96228295450189,2012-04-23
C18780,490486.31,591498.0,69.95285369312737,2013-05-13
C18781,2997708.26,2585861.0,97.93399517037832,2012-07-16
C18782,7256669.95,6181142.5,429.0,2012-08-29
C18783,544600.8300000001,409555.55,41.97171221587642,2013-05-17
C18784,612068.0,617499.0,62.95756832381464,2013-02-11
C18789R,9620636.12,5860810.11,163.0,2012-06-14
C18797,7168462.35,5518635.01,153.8962781248802,2012-05-29
C18806,600413.27,502465.1,48.96699758518916,2013-05-28
C18807,2571274.8,2240790.0,90.93870980106558,2015-10-02
C18821,9741093.86,7648644.2,131.0,2013-04-08
C18822,617152.18,463053.0,139.90570738625473,2012-06-04
C18823,3314489.78,2905455.5,50.0,2012-03-26
C18824,606523.11,397431.02,62.95756832381464,2013-06-17
C18825,5201516.359999999,4812643.87,102.13116639196596,2013-04-01
C18837,322664.2,226376.0,48.96699758518916,2013-06-03
C18840,1149279.8,1052505.0,83.94342443175285,2015-09-28
C18841,3255409.5,3081522.5,435.1067499712522,2013-02-13
C18842,66372577.96,51700000.0,419.7171221587642,2013-03-01
C18843,2908771.72,2478054.0,198.6661044884817,2013-06-03
C18845,632068.67,452727.0,55.96228295450189,2012-11-06
C18849,1222171.5,1244191.1,195.86799034075665,2013-03-20
C18853A,1429092.5,2331026.0,282.0,2013-01-30
C18856,463270.12,757563.0,55.96228295450189,2012-11-13
C18858RB,4974210.94,4439420.9,152.0,2014-03-17
C18861R,1062713.0,1087930.2,105.0,2013-07-22
C18862,3615157.05,3455784.3,125.91513664762928,2012-06-24
C18864,673152.79,602800.0,72.0,2012-09-24
C18866,1056034.11,998891.0,34.97642684656368,2012-09-04
C18872,92705.0,69765.0,,
C18883R,307067.0,295256.0,62.95756832381464,2012-09-01
C18886,1402330.11,1219006.0,97.93399517037832,2014-03-24
C18887,3036221.25,2777847.0,131.0,2014-04-07
C18889,27571604.16,20367792.8,707.9228793744489,2014-08-05
C18892R,2666055.69,2284875.0,124.0,2013-09-30
C18894,6061546.409999999,5440507.4,244.8349879259458,2013-04-08
C18895,1606555.18,1472020.0,273.0,2013-11-01
C18896,240756.5,225652.0,41.97171221587642,2012-08-10
C18897,1480122.51,1613663.0,90.93870980106558,2013-06-17
C18899-ALT,8549111.1,7922013.4,265.820844033884,2012-09-19
C18900,765057.0,893036.55,26.0,2013-05-06
C18902,886926.7,1142103.75,27.981141477250947,2013-06-05
C18903,2439323.4,1863481.75,62.95756832381464,2013-06-10
C18904,213105.1,147032.75,34.97642684656368,2013-04-29
C18905,1162425.58,1276701.0,101.0,2012-08-22
C18906,3004485.0,2758035.2,69.95285369312737,2013-03-26
C18908-COMBO,13612373.65,12601373.05,559.6228295450189,2015-03-18
C18928,5124943.66,4322926.7,354.0,2015-07-13
C18929R,1067873.25,977376.0,97.93399517037832,2013-06-17
C18955R,3029885.79,1970523.95,209.8585610793821,2012-12-24
C18965,310500.0,263228.0,37.77454099428878,2014-03-03
C18970,3416384.16,2672826.9,62.95756832381464,2014-09-08
C18971,5194189.99,4661025.0,83.94342443175285,2013-06-05
C18972R,7832152.529999999,6727515.0,233.0,2015-02-19
C18996,1438533.36,1095035.8,103.53022346582851,2013-04-22
C19005,141601.0,119310.5,22.38491318180076,2012-10-20
C19007,4034622.06,3764523.3,235.0,2015-03-24
C19008,619331.05,352268.0,769.0,2013-02-01
C19014,7051281.62,5263367.22,195.86799034075665,2013-06-10
C19015,5249779.109999999,4200000.0,153.8962781248802,2015-06-06
C19017R,286938.0,271447.8,72.0,2012-10-18
C19018,1635042.2,1661446.2,41.97171221587642,2012-06-24
C19019,6213833.76,4301973.88,132.910422016942,2013-05-23
C19026R,240532.24,247005.0,35.0,2016-05-27
C19029,33405287.380000003,21200703.0,223.0,2015-03-23
C19033R,3552802.87,3957130.5,76.9481390624401,2013-06-17
C19034,3400455.4000000004,2802187.25,139.90570738625473,2012-11-05
C19035,9647401.03,8555236.79,279.81141477250947,2012-12-18
C19036,48929865.36,42668014.35,386.0,2013-03-12
C19037,7211775.5,6348659.24,281.0,2014-12-25
C19038,1456344.34,1255993.94,69.95285369312737,2012-10-03
C19051,1972105.7,1649710.2,81.0,2013-08-19
C19052,1414183.96,1340792.5,128.0,2013-07-25
C19054,2047646.69,1798282.1,216.85384644869484,2014-02-17
C19064,3142677.4,3927757.8,202.0,2016-03-28
C19065,588315.68,549463.0,90.93870980106558,2013-09-08
C19066,180202.51,133426.1,27.981141477250947,2012-09-24
C19067,1420490.5,1221564.5,111.9245659090038,2014-06-16
C19082,2854517.65,2349194.96,111.9245659090038,2014-05-05
C19083R,1341340.85,1337899.0,209.8585610793821,2014-01-28
C19085,10319195.37,10640125.1,265.820844033884,2016-10-09
C19086R,696954.86,625235.0,117.0,2015-07-20
C19090,1022980.0,1064388.5,83.94342443175285,2014-03-17
C19094,18022223.1,16538451.84,586.0,2016-03-21
C19095,4127849.76,3369665.0,104.92928053969104,2014-05-23
C19106R,147017.6,152325.6,76.9481390624401,2014-03-24
C19107,7189802.31,6489114.75,109.0,2013-07-30
C19108,7227622.14,5458998.8,321.7831269883859,2015-07-13
C19110,74387.9,126992.0,34.97642684656368,2013-06-24
C19122,1574419.75,2003003.1,139.90570738625473,2014-02-24
C19125,5362385.04,3674614.4,83.94342443175285,2013-06-03
C19127,3968937.95,4109526.4,100.7321093181034,2014-07-07
C19128,11950260.95,9336067.6,153.8962781248802,2014-07-07
C19134,9043952.24,7300000.0,471.0,2016-08-09
C19140R,7105891.02,6800000.0,104.92928053969104,2015-05-10
C19144,2336432.96,1865839.0,111.9245659090038,2013-06-05
C19163,6889154.85,6163161.49,132.910422016942,2015-06-15
C19171R,7947954.489999999,6956464.95,79.0,2014-08-13
C19173,6527000.0,6092304.85,129.0,2015-05-20
C19177,358547.25,448139.3,60.15945417608954,2013-06-18
C19185,16006235.84,16272575.1,391.7359806815133,2016-09-13
C19191,1941266.31,2044471.25,83.94342443175285,2014-09-15
C19192,54863341.06,51458691.48,814.0,2016-05-09
C19193,184790.0,194041.25,11.19245659090038,2012-11-07
C19197,341645.0,396592.0,214.0,2013-03-04
C19199,643000.62,749570.0,125.91513664762928,2013-07-15
C19202,17103887.21,13053384.62,279.81141477250947,2014-07-08
C19203,3123917.33,2285612.5,135.7085361646671,2013-05-13
C19204,606928.0,610480.8,69.95285369312737,2014-08-18
C19205-COMBO,76844881.76,68041400.0,943.0,2015-02-01
C19216,635887.11,473958.0,62.95756832381464,2013-01-03
C19217,4634593.03,4168748.8,118.0,2014-07-21
C19222,1079478.65,1001838.0,20.0,2012-07-18
C19227,341667.21,438138.75,111.9245659090038,2013-08-05
C19228,11641222.87,10326702.6,97.93399517037832,2015-12-10
C19229,1585029.9,1636435.0,139.90570738625473,2013-06-24
C19237,259480.0,280890.0,34.97642684656368,2015-02-02
C19239,531398.0,331732.5,69.95285369312737,2012-09-04
C19241,521639.0,275628.97,78.0,2012-08-06
C19248,3513652.68,2843859.5,131.0,2013-07-01
C19249,309360.0,336663.0,55.96228295450189,2013-06-03
C19252,1368357.59,1131600.0,66.0,2013-04-29
C19254,1327599.91,1559606.7,125.91513664762928,2013-10-07
C19255-COMBO,5300356.51,4800000.01,120.31890835217908,2015-05-26
C19258,4893821.08,4115875.0,99.33305224424086,2013-05-29
C19261,303000.0,253000.0,10.0,2012-08-13
C19266,417125.79,360001.0,55.96228295450189,2013-05-13
C19273,7558857.4,5717332.27,258.82555866457125,2014-08-25
C19275,9033591.43,7878463.8,167.8868488635057,2013-06-01
C19279,1359330.49,1100224.7,62.95756832381464,2015-07-20
C19280,190294.0,180294.0,3.0,2012-08-16
C19281,948881.46,889458.2,33.57736977270114,2013-05-12
C19282,13875659.05,8016142.5,153.8962781248802,2015-06-01
C19299,1023999.5,918704.75,72.0,2014-04-21
C19300,2099553.25,1611006.0,55.96228295450189,2014-07-28
C19303,8032301.12,7198758.0,94.0,2013-03-25
C19304-COMBO,1934208.01,1800000.0,120.0,2015-03-25
C19311,1425183.2,1405918.35,41.97171221587642,2013-04-22
C19312,5156252.75,5052108.2,118.91985127831651,2013-07-08
C19314,10443029.04,9277512.4,97.93399517037832,2013-07-22
C19315,1014917.5,931259.2,111.9245659090038,2013-10-14
C19323,4363689.220000001,4038210.5,104.92928053969104,2013-07-14
C19326,193272.0,170114.75,22.38491318180076,2013-09-23
C19329,1941749.55,1728272.25,111.9245659090038,2013-05-06
C19332,3956740.0,3022705.5,128.71325079535436,2013-06-10
C19336,3235512.12,2303888.0,103.53022346582851,2013-08-26
C19338,1715857.48,1773421.8,41.97171221587642,2013-07-08
C19339-COMBO,26613756.0,24975352.0,531.641688067768,2015-05-22
C19341,15854080.64,12553602.5,279.81141477250947,2013-11-18
C19342,228747.12,222331.0,41.97171221587642,2013-03-04
C19351,8111916.569999999,7213980.36,443.0,2013-07-15
C19355R,376991.0,298294.0,20.98585610793821,2013-11-01
C19356R,3909695.15,3365205.1,153.8962781248802,2015-01-31
C19357-COMBO,15806269.45,18626476.0,513.0,2016-02-28
C19358,4163922.09,2587177.0,153.8962781248802,2013-05-23
C19373,3036348.02,3685000.0,332.0,2015-08-05
C19375,853966.0,657340.0,139.90570738625473,2013-12-13
C19376,1965880.36,2605075.4,335.7736977270114,2014-09-08
C19377,122840.0,72840.0,33.57736977270114,2012-11-05
C19380R,1138100.5,1001109.0,160.89156349419295,2014-11-03
C19384,1752766.75,1385135.0,175.0,2015-05-11
C19388,529419.65,543487.0,111.9245659090038,2014-04-21
C19393,560835.75,453761.05,82.0,2014-08-11
C19395,2663370.0,2711508.7,235.0,2016-03-21
C19397,1400320.0,1054840.9,74.0,2015-09-08
C19399R,6995885.3,5527481.4,195.86799034075665,2016-05-10
C19403,566490.56,497747.0,254.0,2013-09-04
C19405,458999.99,460843.0,53.1641688067768,2014-01-20
C19406,244490.93,249730.0,48.96699758518916,2014-08-11
C19411,8768125.1,8133354.3,307.7925562497604,2016-03-30
C19425,2805608.0,2500000.0,137.10759323852966,2016-06-01
C19431R,3888393.77,3524209.5,179.07930545440607,2014-10-01
C19433R,208545.0,190081.0,62.95756832381464,2014-07-10
C19440,1763338.48,1699966.7,48.96699758518916,2015-07-22
C19441,3071331.2800000003,1731086.0,152.49722105101768,2013-07-22
C19443,1526616.75,1411474.68,153.8962781248802,2014-07-07
C19456,6352362.21,6230480.5,90.93870980106558,2015-04-20
C19458,21616438.32,18434496.45,194.46893326689408,2014-04-01
C19462,1997782.99,378997.0,47.56794051132661,2013-02-25
C19470,2783015.9800000004,3345733.3,605.0,2015-03-25
C19471R,2520018.69,2579533.5,173.0,2015-05-11
C19472,883601.0,709424.5,120.31890835217908,2014-07-28
C19476,1272370.76,1019253.0,248.0,2014-09-10
C19478A,12318468.77,11916668.55,377.0,2014-10-20
C19483,1443334.15,1210871.0,41.97171221587642,2014-05-05
C19489,3699411.46,3124761.8,85.3424815056154,2014-07-14
C19490RA,5083284.49,4942726.8,178.0,2016-05-02
C19495A,12332051.9,11539598.5,251.8302732952585,2016-06-01
C19497,2137497.8,2081007.49,127.31419372149182,2016-05-02
C19498,2230527.2,2688188.0,83.94342443175285,2015-06-08
C19500S,6152502.78,3000000.0,167.8868488635057,2015-05-26
C19520,1011568.0,849471.0,20.98585610793821,2013-09-30
C19522,9489063.73,8800000.0,245.0,2014-11-28
C19548,2339291.05,1880719.0,111.9245659090038,2016-09-12
C19549,3753802.65,3066865.5,90.93870980106558,2015-09-15
C19553R,2404550.0,2050557.55,170.0,2015-06-01
C19555,377971.75,343385.25,83.94342443175285,2013-08-19
C19557,5185114.85,2875855.84,195.86799034075665,2014-07-28
C19563,4563560.0,4493916.0,69.95285369312737,2014-06-16
C19565,5225053.5,4800000.0,167.8868488635057,2016-03-01
C19578,2997873.33,2674196.25,146.90099275556747,2014-07-14
C19585R,1486504.0,1208217.0,104.92928053969104,2014-06-16
C19586,530124.4,409360.0,166.0,2013-12-16
C19587,2395216.5,2765320.0,198.0,2014-06-16
C19588,1080160.95,1021766.0,140.0,2014-04-11
C19589S,1128421.17,493244.5,60.15945417608954,2014-10-21
C19590,1121749.25,1065666.65,125.91513664762928,2014-10-08
C19626,63080293.85,57418152.8,703.7257081528613,2016-07-05
C19629,5302301.48,4765417.4,96.53493809651576,2015-05-06
C19632,6050374.19,5032348.7,173.0,2015-04-27
C19633,5970941.94,6034269.0,139.90570738625473,2014-06-02
C19637,98148.8,86590.0,12.591513664762926,2013-12-16
C19643,7199000.0,6009921.15,286.0,2016-09-07
C19646,4799442.4,4300919.65,157.0,2014-05-28
C19652,5903071.87,5500000.0,190.0,2015-03-12
C19653,5636474.73,5500000.0,361.0,2015-09-21
C19654,7243412.210000001,6500000.0,187.0,2015-04-02
C19655,10340305.32,9943738.18,180.0,2014-05-05
C19657R,2439524.3,2600000.0,139.90570738625473,2015-08-24
C19662,887663.92,900000.0,104.92928053969104,2014-10-02
C19668,12902750.0,10000000.0,629.5756832381463,2016-10-28
C19669,8464032.0,4401613.25,125.91513664762928,2014-06-05
C19671,6826976.539999999,5561818.55,118.91985127831651,2014-07-29
C19674A,1097194.9,1127419.5,83.94342443175285,2016-01-25
C19677,18215801.87,16950220.2,179.0,2014-05-27
C19680,818121.85,750000.0,69.95285369312737,2015-08-07
C19682R,2299101.5,2500000.0,167.8868488635057,2016-04-04
C19702,6550181.98,5599846.95,139.90570738625473,2014-03-24
C19704,362000.0,470016.65,27.981141477250947,2014-06-25
C19705,12865649.6,12407740.43,188.8727049714439,2016-05-04
C19706,3895278.56,3736602.75,69.95285369312737,2016-04-03
C19708,6803193.569999999,6219163.5,118.0,2014-07-31
C19710,6421793.59,5735053.85,139.90570738625473,2015-03-24
C19723,3994723.2,4051130.5,69.95285369312737,2016-10-24
C19724,2287836.1,2056120.0,83.94342443175285,2016-03-28
C19730R,2144348.37,1587750.0,82.5443673578903,2014-11-20
C19733,1663850.0,1580625.0,88.0,2014-01-28
C19735R,5451338.46,3567843.5,125.91513664762928,2015-05-01
C19737,292297.0,178149.08,9.793399517037832,2013-07-29
C19740R,900015.25,774744.0,69.95285369312737,2015-09-01
C19751,11362666.8,10300000.0,384.74069531220056,2015-01-29
C19760R,1163154.61,999717.8,69.95285369312737,2015-03-17
C19762R,848205.0,737825.0,69.95285369312737,2015-09-08
C19763R,1674712.09,1594250.0,139.90570738625473,2014-08-21
C19764,1857761.58,2130772.0,197.0,2014-10-16
C19766,624530.1,670119.0,90.93870980106558,2014-10-13
C19767,651721.05,351267.5,54.56322588063935,2014-07-07
C19769S,2186696.5,1684315.0,97.0,2014-01-24
C19772,868454.0,785506.9,83.94342443175285,2015-07-06
C19776,2990936.93,2897229.72,167.8868488635057,2014-07-14
C19778,1163644.83,1187804.0,132.910422016942,2016-10-04
C19780,1705472.14,869466.25,94.0,2014-03-12
C19782,3996569.5,3559705.0,189.0,2014-09-23
C19786,121456.0,155457.0,27.981141477250947,2014-01-12
C19791R,1022462.0,669870.0,96.0,2016-08-15
C19798,881693.35,614000.0,62.95756832381464,2014-09-02
C19803,1167395.1,1085186.0,111.9245659090038,2015-02-09
C19806,244455.1,239248.4,4.0,2014-06-27
C19860,2082841.4,1798630.2,209.8585610793821,2015-03-24
C19868,11651160.0,9821027.2,307.7925562497604,2016-03-07
C19869,4015000.0,2883909.0,440.7029782667024,2015-11-30
C19876R,441482.27,441820.0,61.0,2014-09-22
C19877,928158.24,651778.0,125.91513664762928,2014-07-02
C19879,43826245.22,40404965.0,402.0,2014-03-12
C19884,4210390.21,4000000.0,157.0,2015-07-01
C19897,1031898.23,850000.0,83.94342443175285,2014-08-18
C19898,2346271.57,1775417.0,41.97171221587642,2014-10-13
C19899,1760771.0,1594517.0,41.97171221587642,2014-04-28
C19900,2202997.74,1999829.0,81.14531028402774,2014-04-22
C19901,1605752.47,1095911.0,57.361340028364445,2014-04-17
C19904R,549309.45,506983.1,27.981141477250947,2015-06-01
C19906,2198872.86,1700000.0,166.0,2016-06-20
C19908R,1150901.24,954884.0,66.0,2016-03-21
C19909,1633702.13,1281624.25,83.94342443175285,2016-08-15
C19910,42457898.9,37799509.1,855.0,2015-03-30
C19911,5003748.88,4461376.29,286.8067001418222,2015-09-14
C19913,7954925.4,9455814.0,117.0,2014-07-07
C19914,1667212.93,1491549.0,148.0,2014-05-14
C19915R,2477627.78,2374107.25,237.83970255663303,2014-08-31
C19916,3651978.84,4161278.5,172.08402008509333,2015-07-16
C19918,2253683.0,2154980.0,153.8962781248802,2015-04-06
C19919,1246538.13,1375949.0,195.86799034075665,2014-04-21
C19935,5178163.7,4721403.12,115.0,2014-06-25
C19936,2597879.7,1927863.0,139.90570738625473,2014-05-12
C19941,6390787.54,4871882.0,125.91513664762928,2015-05-12
C19942,3437160.33,2900000.0,125.91513664762928,2015-06-01
C19958,1958626.08,1778095.06,125.91513664762928,2015-07-20
C19959,821668.0,777585.0,37.77454099428878,2015-09-21
C19962,1679267.0,1659094.0,76.9481390624401,2015-08-08
C19983R,5011232.0,4021492.5,125.91513664762928,2014-08-13
C19984-COMBO,29367675.19,23504364.18,212.0,2015-04-03
C20059,2433757.0,2757232.0,194.46893326689408,2016-11-07
C20061R,3146482.39,3157906.0,117.0,2016-06-20
C20063,6139086.5,4197105.5,45.0,2016-10-17
C20068,14818627.64,12636554.75,307.7925562497604,2014-09-26
C20070,1741206.52,1469900.0,139.90570738625473,2015-09-08
C20085,14074813.51,8976258.8,146.90099275556747,2015-04-20
C20089R,262795.0,258755.0,34.97642684656368,2015-06-01
C20097,3379211.0,2993735.5,83.94342443175285,2014-06-02
C20098,7089836.96,6242724.25,202.8632757100694,2014-08-21
C20099,9140316.98,6368478.5,167.8868488635057,2015-07-18
C20102,6215343.9,5575190.66,189.0,2016-04-25
C20105,884095.9,814164.69,152.49722105101768,2014-08-04
C20106R,1233664.0,1044638.5,160.89156349419295,2015-01-05
C20110,1311308.65,1128330.0,69.95285369312737,2014-09-23
C20113,1562147.0,1543007.5,69.95285369312737,2016-04-10
C20114,925893.72,463200.0,25.0,2014-04-28
C20122,681255.78,600000.0,76.9481390624401,2015-08-03
C20123,2372285.75,1800000.0,197.2670474146192,2014-09-22
C20124R,953896.8,995000.0,127.31419372149182,2015-06-01
C20133,7051776.0,5956247.5,125.91513664762928,2016-06-01
C20134R,2372681.0,2108986.0,97.93399517037832,2014-04-07
C20143,410119.12,437270.0,55.96228295450189,2015-08-03
C20144,6315907.5,5927886.0,690.0,2014-07-27
C20146,7197934.65,5083650.0,66.0,2014-07-23
C20154,1317540.25,1225194.05,27.981141477250947,2015-08-27
C20158R,1138752.0,1948619.0,72.75096784085247,2015-01-12
C20166,931043.0,891634.0,94.0,2014-12-03
C20167,4103591.44,3609960.0,194.0,2015-03-09
C20168,8416301.73,7057238.5,250.0,2015-02-23
C20172,5802155.600000001,4000000.0,125.0,2015-08-03
C20182,883605.0,714225.0,139.90570738625473,2017-04-17
C20183,7483201.1,7020116.2,90.93870980106558,2016-06-01
C20189,2975468.85,2497031.0,69.95285369312737,2015-03-16
C20202,986698.8,762356.0,111.9245659090038,2014-11-03
C20217,1218426.6,1822565.7,69.95285369312737,2014-09-22
C20219,4417452.23,3346312.85,130.0,2015-05-26
C20225,7191826.44,8000000.0,181.8774196021312,2015-05-11
C20229-COMBO,12224177.0,9058023.8,293.80198551113494,2016-06-21
C20231,2578428.6,2037030.0,95.13588102265322,2015-03-17
C20236,6828878.33,5708431.5,445.0,2015-06-15
C20242,1173745.62,1202597.0,90.93870980106558,2015-07-08
C20243,2049715.4,2780068.5,160.89156349419295,2015-08-28
C20245S,556772.0,387385.0,20.0,2015-07-06
C20246,984945.7,897569.0,125.91513664762928,2016-09-27
C20248R,2815924.76,2274739.4,165.0,2016-03-01
C20253R,2231043.0,850000.0,60.0,2016-03-25
C20261,7830957.11,6874882.0,125.91513664762928,2016-04-01
C20263,3814385.1,3695648.8,237.83970255663303,2016-03-14
C20264,1873863.13,1607505.5,89.0,2015-03-23
C20281,1489794.0,1503800.0,231.0,2015-05-15
C20283,2345483.37,2562210.0,159.0,2015-08-24
C20287,4086121.0,3194889.85,131.0,2015-06-01
C20304,2252471.42,2022965.4,,
C20305,1585885.9,2001544.0,139.90570738625473,2015-04-13
C20306,13828637.5,12367597.19,515.0,2014-07-15
C20307,12811340.28,10850336.97,355.0,2014-09-12
C20310,8297820.82,7157813.0,83.94342443175285,2015-12-30
C20318,4339094.41,3317298.5,107.0,2017-04-03
C20319,943912.3,800000.0,90.93870980106558,2015-05-12
C20320,288939.75,3542.5,13.990570738625474,2014-06-04
C20323,2177767.0,1908878.0,331.0,2017-01-05
C20332,1473133.23,1454880.45,41.97171221587642,2015-08-27
C20351,1920793.57,1379896.0,90.93870980106558,2015-10-06
C20362S,907985.0,494625.0,27.981141477250947,2015-10-06
C20363,521154.31,439165.0,41.0,2016-08-22
C20364,550081.2,499307.2,65.0,2014-09-22
C20365,7306499.2,5464423.4,97.93399517037832,2015-06-05
C20368,903855.0,888430.0,86.0,2016-08-08
C20379,2691244.75,2969127.0,138.5066503123922,2015-04-06
C20380,2258766.5,1910476.25,149.0,2015-10-05
C20387,1023180.18,1656419.5,90.93870980106558,2015-09-14
C20405,443363.0,277687.5,41.97171221587642,2016-09-06
C20406,121547.0,170675.0,33.0,2016-09-13
C20413,1992350.04,1665632.5,81.14531028402774,2014-10-30
C20430,5812350.829999999,4437383.5,251.8302732952585,2015-06-11
C20431,1377902.64,1615501.95,27.981141477250947,2015-07-23
C20460,377327.0,300000.0,53.1641688067768,2015-06-25
C20463,1050903.66,680819.0,55.0,2014-11-03
C20467,2717924.5,2200000.0,83.94342443175285,2016-09-21
C20472,465645.0,282640.0,27.981141477250947,2016-04-04
C20487,3982060.0,3700000.0,111.9245659090038,2015-06-02
C20497,276800.55,221790.0,41.97171221587642,2015-05-10
C20499,533471.0,500000.0,86.74153857947793,2016-05-02
C20500,237833.0,189363.0,34.97642684656368,2014-10-08
C20501,5373572.28,5624434.0,174.88213423281843,2016-06-06
C20510,4329087.96,3324997.2,74.15002491471502,2015-09-28
C20514,6815502.35,5972114.95,181.8774196021312,2016-03-21
C20515,1010930.0,991828.0,76.9481390624401,2015-11-18
C20516,1142195.59,1563250.0,148.30004982943004,2016-04-18
C20519,7432499.550000001,7500000.0,197.0,2016-03-23
C20548-ALT,5802968.82,6234145.0,122.0,2016-06-15
C20549,4533904.82,3705627.15,75.0,2016-06-06
C20552R,2041895.53,1513622.25,109.1264517612787,2016-04-05
C20559,6491325.25,6988247.6,215.0,2017-04-17
C20560,1105163.0,1081615.0,159.0,2015-08-24
C20562,1927132.0,1681049.25,62.95756832381464,2015-06-15
C20565,990565.0,941270.0,83.94342443175285,2016-05-02
C20575,24678665.34,22143253.9,405.7265514201388,2016-09-12
C20580,912857.74,724237.0,20.98585610793821,2016-06-20
C20591,2498320.5,2120744.1,216.85384644869484,2016-05-09
C20609,1078234.99,1357004.0,136.0,2015-07-01
C20625,886608.16,857659.1,20.98585610793821,2016-07-18
C20634,1266826.82,1045680.0,124.0,2016-07-11
C20645,1036424.82,900000.0,41.97171221587642,2016-10-10
C20650R,733004.14,632002.0,83.94342443175285,2015-09-22
C20652,88751.0,73751.0,13.990570738625474,2015-05-04
C20655,4738892.0,4674897.0,104.92928053969104,2016-05-07
C20656,2868902.6,2751802.0,53.1641688067768,2017-05-30
C20674,199693.0,176534.0,34.97642684656368,2015-09-09
C20681,1190176.0,906279.6,118.91985127831651,2016-04-11
C20688R,683231.0,472772.5,48.96699758518916,2015-08-17
C20696,4318800.74,4200000.0,240.0,2016-03-15
C20699,1024308.0,1170995.7,76.9481390624401,2016-06-06
C20700,799184.0,738489.0,41.97171221587642,2015-09-14
C20732,488747.0,370543.0,48.96699758518916,2016-11-17
C20733,1949505.84,2000000.0,87.0,2016-07-06
C20748,6716570.79,5853510.75,125.91513664762928,2016-04-04
C20752,4123145.84,4600000.0,104.92928053969104,2016-04-29
C20765,2551092.02,2177869.75,76.0,2016-06-09
C20771,2959748.5,2375297.5,293.80198551113494,2017-01-17
C20774,823395.08,707920.0,195.0,2016-08-18
C20775,1301317.6,1438325.0,127.31419372149182,2016-09-12
C20776,999021.5,928512.0,216.85384644869484,2017-01-17
C20777,697478.81,488010.9,55.96228295450189,2016-08-01
C20778,6073113.27,4600000.0,83.94342443175285,2016-04-20
C20779,1141705.2,766141.0,107.72739468741617,2016-08-31
C20781,1045663.75,1256830.0,69.95285369312737,2016-07-07
C20788R,1326754.25,1700000.0,132.910422016942,2016-09-22
C20791,875400.0,850000.0,90.93870980106558,2016-07-27
C20794,1139695.61,1080870.0,104.92928053969104,2016-07-25
C20804,5337812.4,4648267.97,97.93399517037832,2016-05-02
C20807,1780731.9,1700000.0,167.8868488635057,2016-09-26
C20817-ALT,3978157.5,3734522.0,279.81141477250947,2016-12-05
C20836,5812157.19,3868597.75,83.94342443175285,2016-06-20
C20846,8943734.79,9827500.0,160.89156349419295,2016-05-17
C20850,7032532.2,6897375.0,104.92928053969104,2016-09-06
C20857,2542822.26,2402767.8,55.96228295450189,2016-05-24
C20860,1191418.62,988753.5,97.93399517037832,2016-07-20
C20903,3847070.0,1994945.04,94.0,2015-06-29
C20929,5517639.17,5100000.0,139.90570738625473,2016-07-27
C20953,1134371.7,1221557.0,67.15473954540228,2017-03-19
C20969,1179452.0,1617781.75,118.91985127831651,2016-11-30
C20987,1662311.64,1554105.5,48.96699758518916,2016-09-06
C21005,464991.0,342016.0,83.94342443175285,2016-11-07
C21056,2816403.5,2378891.5,76.9481390624401,2016-06-20
C21059,1979748.92,2286113.0,41.97171221587642,2016-06-07
C21094,1207108.09,1162108.09,178.0,2015-10-07
C21132,1333000.0,1457383.25,37.0,2016-09-07
C21145,185099.4,219691.0,34.97642684656368,2016-06-30
C21267,8633757.81,7543471.8,111.9245659090038,2016-05-09
C21300,873500.0,850000.0,76.9481390624401,2016-09-27
C21304,7815563.9,6580411.0,181.8774196021312,2017-02-13
C21310,2589589.98,2350623.5,125.91513664762928,2016-10-05
C21382,1089804.05,1204552.5,193.0,2016-09-20
C21389,492633.9,384657.0,27.981141477250947,2017-05-03
C21433,2168887.6100000003,2270260.0,137.0,2016-05-02
C21443,830810.0,1313261.0,64.35662539767718,2017-01-05
C21496R,760644.6,499000.0,83.94342443175285,2016-11-09
C21544,368966.0,333966.0,41.97171221587642,2016-08-01
